unresolved_id,severity,phase,csv_file,source_row_number,source_record_id,relationship_field,raw_value,expected_target_entity,reason_unresolved,suggested_canonical_or_alias,suggested_resolution
REL-0001,medium,phase_1,Bloom_Boys_SK_K12_Research_Phase_1_HIGH_SCHOOLS.csv,119,SCH-118,School division,Independent school / no provincial division row,organization,"No exact canonical organization/venue match after normalization, or value is provisional/generic.",,Split into multiple relationships when the value names more than one organization.
REL-0002,medium,phase_1,Bloom_Boys_SK_K12_Research_Phase_1_HIGH_SCHOOLS.csv,120,SCH-119,School division,Independent school / no provincial division row,organization,"No exact canonical organization/venue match after normalization, or value is provisional/generic.",,Split into multiple relationships when the value names more than one organization.
REL-0003,medium,phase_1,Bloom_Boys_SK_K12_Research_Phase_1_HIGH_SCHOOLS.csv,121,SCH-120,School division,Independent school / no provincial division row,organization,"No exact canonical organization/venue match after normalization, or value is provisional/generic.",,Split into multiple relationships when the value names more than one organization.
REL-0004,medium,phase_1,Bloom_Boys_SK_K12_Research_Phase_1_HIGH_SCHOOLS.csv,122,SCH-121,School division,Independent school / no provincial division row,organization,"No exact canonical organization/venue match after normalization, or value is provisional/generic.",,Split into multiple relationships when the value names more than one organization.
REL-0005,medium,phase_1,Bloom_Boys_SK_K12_Research_Phase_1_HIGH_SCHOOLS.csv,123,SCH-122,School division,Independent school / no provincial division row,organization,"No exact canonical organization/venue match after normalization, or value is provisional/generic.",,Split into multiple relationships when the value names more than one organization.
REL-0006,medium,phase_1,Bloom_Boys_SK_K12_Research_Phase_1_HIGH_SCHOOLS.csv,124,SCH-123,School division,Independent school / no provincial division row,organization,"No exact canonical organization/venue match after normalization, or value is provisional/generic.",,Split into multiple relationships when the value names more than one organization.
REL-0007,medium,phase_1,Bloom_Boys_SK_K12_Research_Phase_1_CONTACTS.csv,338,CON-337,School division,Independent school / no provincial division row,organization,"No exact canonical organization/venue match after normalization, or value is provisional/generic.",,Split into multiple relationships when the value names more than one organization.
REL-0008,medium,phase_1,Bloom_Boys_SK_K12_Research_Phase_1_CONTACTS.csv,339,CON-338,School division,Independent school / no provincial division row,organization,"No exact canonical organization/venue match after normalization, or value is provisional/generic.",,Split into multiple relationships when the value names more than one organization.
REL-0009,medium,phase_1,Bloom_Boys_SK_K12_Research_Phase_1_CONTACTS.csv,340,CON-339,School division,Independent school / no provincial division row,organization,"No exact canonical organization/venue match after normalization, or value is provisional/generic.",,Split into multiple relationships when the value names more than one organization.
REL-0010,medium,phase_1,Bloom_Boys_SK_K12_Research_Phase_1_CONTACTS.csv,341,CON-340,School division,Independent school / no provincial division row,organization,"No exact canonical organization/venue match after normalization, or value is provisional/generic.",,Split into multiple relationships when the value names more than one organization.
REL-0011,medium,phase_1,Bloom_Boys_SK_K12_Research_Phase_1_CONTACTS.csv,342,CON-341,School division,Independent school / no provincial division row,organization,"No exact canonical organization/venue match after normalization, or value is provisional/generic.",,Split into multiple relationships when the value names more than one organization.
REL-0012,medium,phase_1,Bloom_Boys_SK_K12_Research_Phase_1_CONTACTS.csv,343,CON-342,School division,Independent school / no provincial division row,organization,"No exact canonical organization/venue match after normalization, or value is provisional/generic.",,Split into multiple relationships when the value names more than one organization.
REL-0013,medium,phase_1,Bloom_Boys_SK_K12_Research_Phase_1_CONTACTS.csv,347,CON-346,Organization,Prairieland Park,organization,"No exact canonical organization/venue match after normalization, or value is provisional/generic.",,"Create canonical organization/venue if legitimate, or map to alias/status value after review."
REL-0014,medium,phase_1,Bloom_Boys_SK_K12_Research_Phase_1_GRADUATIONS_AND_VENUES.csv,17,EVT-016,Venue,"TCU Place, Sid Buckwold Theatre",venue,"No exact canonical organization/venue match after normalization, or value is provisional/generic.",,"Create canonical organization/venue if legitimate, or map to alias/status value after review."
REL-0015,medium,phase_1,Bloom_Boys_SK_K12_Research_Phase_1_GRADUATIONS_AND_VENUES.csv,17,EVT-016,Venue operator,TCU Place / City of Saskatoon,organization,"No exact canonical organization/venue match after normalization, or value is provisional/generic.",,Split into multiple relationships when the value names more than one organization.
REL-0016,medium,phase_1,Bloom_Boys_SK_K12_Research_Phase_1_GRADUATIONS_AND_VENUES.csv,119,EVT-118,Division,Independent school / no provincial division row,organization,"No exact canonical organization/venue match after normalization, or value is provisional/generic.",,Split into multiple relationships when the value names more than one organization.
REL-0017,medium,phase_1,Bloom_Boys_SK_K12_Research_Phase_1_GRADUATIONS_AND_VENUES.csv,120,EVT-119,Division,Independent school / no provincial division row,organization,"No exact canonical organization/venue match after normalization, or value is provisional/generic.",,Split into multiple relationships when the value names more than one organization.
REL-0018,medium,phase_1,Bloom_Boys_SK_K12_Research_Phase_1_GRADUATIONS_AND_VENUES.csv,121,EVT-120,Division,Independent school / no provincial division row,organization,"No exact canonical organization/venue match after normalization, or value is provisional/generic.",,Split into multiple relationships when the value names more than one organization.
REL-0019,medium,phase_1,Bloom_Boys_SK_K12_Research_Phase_1_GRADUATIONS_AND_VENUES.csv,122,EVT-121,Division,Independent school / no provincial division row,organization,"No exact canonical organization/venue match after normalization, or value is provisional/generic.",,Split into multiple relationships when the value names more than one organization.
REL-0020,medium,phase_1,Bloom_Boys_SK_K12_Research_Phase_1_GRADUATIONS_AND_VENUES.csv,122,EVT-121,Venue,School or event venue not captured from the published notice,venue,"No exact canonical organization/venue match after normalization, or value is provisional/generic.",,Keep as unknown venue status until a specific venue is confirmed.
REL-0021,medium,phase_1,Bloom_Boys_SK_K12_Research_Phase_1_GRADUATIONS_AND_VENUES.csv,123,EVT-122,Division,Independent school / no provincial division row,organization,"No exact canonical organization/venue match after normalization, or value is provisional/generic.",,Split into multiple relationships when the value names more than one organization.
REL-0022,medium,phase_1,Bloom_Boys_SK_K12_Research_Phase_1_GRADUATIONS_AND_VENUES.csv,124,EVT-123,Division,Independent school / no provincial division row,organization,"No exact canonical organization/venue match after normalization, or value is provisional/generic.",,Split into multiple relationships when the value names more than one organization.
REL-0023,medium,phase_1,Bloom_Boys_SK_K12_Research_Phase_1_POLICIES_AND_APPROVAL_PROCESSES.csv,38,,Organization,Prairieland Park,organization,"No exact canonical organization/venue match after normalization, or value is provisional/generic.",,"Create canonical organization/venue if legitimate, or map to alias/status value after review."
REL-0024,medium,phase_1,Bloom_Boys_SK_K12_Research_Phase_1_RESEARCH_GAPS.csv,161,,Organization,Prairieland Park,organization,"No exact canonical organization/venue match after normalization, or value is provisional/generic.",,"Create canonical organization/venue if legitimate, or map to alias/status value after review."
REL-0025,medium,phase_1,Bloom_Boys_SK_K12_Research_Phase_1_PRIORITY_OUTREACH_LIST.csv,5,4,Organization,Prairieland Park,organization,"No exact canonical organization/venue match after normalization, or value is provisional/generic.",,"Create canonical organization/venue if legitimate, or map to alias/status value after review."
REL-0026,medium,phase_2,Bloom_Boys_SK_Postsecondary_Trades_Phase_2_INSTITUTIONS.csv,4,INS-003,Venue,Conexus Arts Centre; Temple Gardens Centre; Art Hauser Centre; TCU Place,venue,"No exact canonical organization/venue match after normalization, or value is provisional/generic.",,"Create canonical organization/venue if legitimate, or map to alias/status value after review."
REL-0027,medium,phase_2,Bloom_Boys_SK_Postsecondary_Trades_Phase_2_INSTITUTIONS.csv,6,INS-005,Venue,U of R CKHS Main Gym and FNUniv event spaces,venue,"No exact canonical organization/venue match after normalization, or value is provisional/generic.",,Split into multiple relationships when the value names more than one organization.
REL-0028,medium,phase_2,Bloom_Boys_SK_Postsecondary_Trades_Phase_2_INSTITUTIONS.csv,7,INS-006,Venue,Regional venues vary,venue,"No exact canonical organization/venue match after normalization, or value is provisional/generic.",,"Create canonical organization/venue if legitimate, or map to alias/status value after review."
REL-0029,medium,phase_2,Bloom_Boys_SK_Postsecondary_Trades_Phase_2_INSTITUTIONS.csv,8,INS-007,Venue,Humboldt and Punnichy venues,venue,"No exact canonical organization/venue match after normalization, or value is provisional/generic.",,Split into multiple relationships when the value names more than one organization.
REL-0030,medium,phase_2,Bloom_Boys_SK_Postsecondary_Trades_Phase_2_INSTITUTIONS.csv,9,INS-008,Venue,Community venues,venue,"No exact canonical organization/venue match after normalization, or value is provisional/generic.",,"Create canonical organization/venue if legitimate, or map to alias/status value after review."
REL-0031,medium,phase_2,Bloom_Boys_SK_Postsecondary_Trades_Phase_2_INSTITUTIONS.csv,10,INS-009,Venue,Battlefords and Meadow Lake venues,venue,"No exact canonical organization/venue match after normalization, or value is provisional/generic.",,Split into multiple relationships when the value names more than one organization.
REL-0032,medium,phase_2,Bloom_Boys_SK_Postsecondary_Trades_Phase_2_INSTITUTIONS.csv,11,INS-010,Venue,Northern community venues,venue,"No exact canonical organization/venue match after normalization, or value is provisional/generic.",,"Create canonical organization/venue if legitimate, or map to alias/status value after review."
REL-0033,medium,phase_2,Bloom_Boys_SK_Postsecondary_Trades_Phase_2_INSTITUTIONS.csv,12,INS-011,Venue,North and South regional venues,venue,"No exact canonical organization/venue match after normalization, or value is provisional/generic.",,Split into multiple relationships when the value names more than one organization.
REL-0034,medium,phase_2,Bloom_Boys_SK_Postsecondary_Trades_Phase_2_INSTITUTIONS.csv,13,INS-012,Venue,Community venues,venue,"No exact canonical organization/venue match after normalization, or value is provisional/generic.",,"Create canonical organization/venue if legitimate, or map to alias/status value after review."
REL-0035,medium,phase_2,Bloom_Boys_SK_Postsecondary_Trades_Phase_2_INSTITUTIONS.csv,14,INS-013,Venue,Merlis Belsher Place and STM spaces,venue,"No exact canonical organization/venue match after normalization, or value is provisional/generic.",,Split into multiple relationships when the value names more than one organization.
REL-0036,medium,phase_2,Bloom_Boys_SK_Postsecondary_Trades_Phase_2_INSTITUTIONS.csv,15,INS-014,Venue,U of R CKHS and Campion spaces,venue,"No exact canonical organization/venue match after normalization, or value is provisional/generic.",,Split into multiple relationships when the value names more than one organization.
REL-0037,medium,phase_2,Bloom_Boys_SK_Postsecondary_Trades_Phase_2_INSTITUTIONS.csv,16,INS-015,Venue,U of R CKHS and Luther spaces,venue,"No exact canonical organization/venue match after normalization, or value is provisional/generic.",,Split into multiple relationships when the value names more than one organization.
REL-0038,medium,phase_2,Bloom_Boys_SK_Postsecondary_Trades_Phase_2_INSTITUTIONS.csv,17,INS-016,Venue,College/church spaces,venue,"No exact canonical organization/venue match after normalization, or value is provisional/generic.",,"Create canonical organization/venue if legitimate, or map to alias/status value after review."
REL-0039,medium,phase_2,Bloom_Boys_SK_Postsecondary_Trades_Phase_2_INSTITUTIONS.csv,18,INS-017,Venue,Church/campus spaces,venue,"No exact canonical organization/venue match after normalization, or value is provisional/generic.",,"Create canonical organization/venue if legitimate, or map to alias/status value after review."
REL-0040,medium,phase_2,Bloom_Boys_SK_Postsecondary_Trades_Phase_2_INSTITUTIONS.csv,19,INS-018,Venue,Campus/church venue,venue,"No exact canonical organization/venue match after normalization, or value is provisional/generic.",,"Create canonical organization/venue if legitimate, or map to alias/status value after review."
REL-0041,medium,phase_2,Bloom_Boys_SK_Postsecondary_Trades_Phase_2_INSTITUTIONS.csv,21,INS-020,Venue,College/church venue,venue,"No exact canonical organization/venue match after normalization, or value is provisional/generic.",,"Create canonical organization/venue if legitimate, or map to alias/status value after review."
REL-0042,medium,phase_2,Bloom_Boys_SK_Postsecondary_Trades_Phase_2_INSTITUTIONS.csv,22,INS-021,Venue,Multiple regional venues,venue,"No exact canonical organization/venue match after normalization, or value is provisional/generic.",,"Create canonical organization/venue if legitimate, or map to alias/status value after review."
REL-0043,medium,phase_2,Bloom_Boys_SK_Postsecondary_Trades_Phase_2_INSTITUTIONS.csv,23,INS-022,Venue,2026 venue not shown; 2024 used Conexus Arts Centre,venue,"No exact canonical organization/venue match after normalization, or value is provisional/generic.",,Keep as unknown venue status until a specific venue is confirmed.
REL-0044,medium,phase_2,Bloom_Boys_SK_Postsecondary_Trades_Phase_2_INSTITUTIONS.csv,24,INS-023,Venue,Venue not identified,venue,"No exact canonical organization/venue match after normalization, or value is provisional/generic.",,Keep as unknown venue status until a specific venue is confirmed.
REL-0045,medium,phase_2,Bloom_Boys_SK_Postsecondary_Trades_Phase_2_INSTITUTIONS.csv,25,INS-024,Venue,Local campus/community venue,venue,"No exact canonical organization/venue match after normalization, or value is provisional/generic.",,"Create canonical organization/venue if legitimate, or map to alias/status value after review."
REL-0046,medium,phase_2,Bloom_Boys_SK_Postsecondary_Trades_Phase_2_CONTACTS.csv,34,CON-033,Organization,Prairieland Park,organization,"No exact canonical organization/venue match after normalization, or value is provisional/generic.",,"Create canonical organization/venue if legitimate, or map to alias/status value after review."
REL-0047,high,phase_2,Bloom_Boys_SK_Postsecondary_Trades_Phase_2_CONTACTS.csv,36,CON-035,Organization,University of Regina CKHS Main Gym,organization,"No exact canonical organization/venue match after normalization, or value is provisional/generic.","Centre for Kinesiology, Health and Sport Main Gym",Create or confirm alias to suggested canonical record.
REL-0048,high,phase_2,Bloom_Boys_SK_Postsecondary_Trades_Phase_2_CONTACTS.csv,39,CON-038,Organization,APEGS,organization,"No exact canonical organization/venue match after normalization, or value is provisional/generic.",Association of Professional Engineers and Geoscientists of Saskatchewan,Create or confirm alias to suggested canonical record.
REL-0049,medium,phase_2,Bloom_Boys_SK_Postsecondary_Trades_Phase_2_CONVOCATIONS_AND_CEREMONIES.csv,2,EVT-001,Venue operator,University of Saskatchewan / Merlis Belsher Place,organization,"No exact canonical organization/venue match after normalization, or value is provisional/generic.",,Split into multiple relationships when the value names more than one organization.
REL-0050,medium,phase_2,Bloom_Boys_SK_Postsecondary_Trades_Phase_2_CONVOCATIONS_AND_CEREMONIES.csv,3,EVT-002,Venue operator,University of Saskatchewan / Merlis Belsher Place,organization,"No exact canonical organization/venue match after normalization, or value is provisional/generic.",,Split into multiple relationships when the value names more than one organization.
REL-0051,medium,phase_2,Bloom_Boys_SK_Postsecondary_Trades_Phase_2_CONVOCATIONS_AND_CEREMONIES.csv,4,EVT-003,Venue operator,University of Saskatchewan / Merlis Belsher Place,organization,"No exact canonical organization/venue match after normalization, or value is provisional/generic.",,Split into multiple relationships when the value names more than one organization.
REL-0052,medium,phase_2,Bloom_Boys_SK_Postsecondary_Trades_Phase_2_CONVOCATIONS_AND_CEREMONIES.csv,5,EVT-004,Venue operator,University of Saskatchewan / Merlis Belsher Place,organization,"No exact canonical organization/venue match after normalization, or value is provisional/generic.",,Split into multiple relationships when the value names more than one organization.
REL-0053,medium,phase_2,Bloom_Boys_SK_Postsecondary_Trades_Phase_2_CONVOCATIONS_AND_CEREMONIES.csv,6,EVT-005,Venue operator,University of Saskatchewan / Merlis Belsher Place,organization,"No exact canonical organization/venue match after normalization, or value is provisional/generic.",,Split into multiple relationships when the value names more than one organization.
REL-0054,medium,phase_2,Bloom_Boys_SK_Postsecondary_Trades_Phase_2_CONVOCATIONS_AND_CEREMONIES.csv,7,EVT-006,Venue operator,University of Saskatchewan / Merlis Belsher Place,organization,"No exact canonical organization/venue match after normalization, or value is provisional/generic.",,Split into multiple relationships when the value names more than one organization.
REL-0055,medium,phase_2,Bloom_Boys_SK_Postsecondary_Trades_Phase_2_CONVOCATIONS_AND_CEREMONIES.csv,8,EVT-007,Venue operator,University of Saskatchewan / Merlis Belsher Place,organization,"No exact canonical organization/venue match after normalization, or value is provisional/generic.",,Split into multiple relationships when the value names more than one organization.
REL-0056,medium,phase_2,Bloom_Boys_SK_Postsecondary_Trades_Phase_2_CONVOCATIONS_AND_CEREMONIES.csv,9,EVT-008,Venue operator,University of Saskatchewan / Merlis Belsher Place,organization,"No exact canonical organization/venue match after normalization, or value is provisional/generic.",,Split into multiple relationships when the value names more than one organization.
REL-0057,medium,phase_2,Bloom_Boys_SK_Postsecondary_Trades_Phase_2_CONVOCATIONS_AND_CEREMONIES.csv,10,EVT-009,Venue operator,University of Saskatchewan / Merlis Belsher Place,organization,"No exact canonical organization/venue match after normalization, or value is provisional/generic.",,Split into multiple relationships when the value names more than one organization.
REL-0058,high,phase_2,Bloom_Boys_SK_Postsecondary_Trades_Phase_2_CONVOCATIONS_AND_CEREMONIES.csv,11,EVT-010,Venue,CKHS Main Gym,venue,"No exact canonical organization/venue match after normalization, or value is provisional/generic.","Centre for Kinesiology, Health and Sport Main Gym",Create or confirm alias to suggested canonical record.
REL-0059,high,phase_2,Bloom_Boys_SK_Postsecondary_Trades_Phase_2_CONVOCATIONS_AND_CEREMONIES.csv,12,EVT-011,Venue,CKHS Main Gym,venue,"No exact canonical organization/venue match after normalization, or value is provisional/generic.","Centre for Kinesiology, Health and Sport Main Gym",Create or confirm alias to suggested canonical record.
REL-0060,high,phase_2,Bloom_Boys_SK_Postsecondary_Trades_Phase_2_CONVOCATIONS_AND_CEREMONIES.csv,13,EVT-012,Venue,CKHS Main Gym,venue,"No exact canonical organization/venue match after normalization, or value is provisional/generic.","Centre for Kinesiology, Health and Sport Main Gym",Create or confirm alias to suggested canonical record.
REL-0061,high,phase_2,Bloom_Boys_SK_Postsecondary_Trades_Phase_2_CONVOCATIONS_AND_CEREMONIES.csv,14,EVT-013,Venue,CKHS Main Gym,venue,"No exact canonical organization/venue match after normalization, or value is provisional/generic.","Centre for Kinesiology, Health and Sport Main Gym",Create or confirm alias to suggested canonical record.
REL-0062,high,phase_2,Bloom_Boys_SK_Postsecondary_Trades_Phase_2_CONVOCATIONS_AND_CEREMONIES.csv,15,EVT-014,Venue,CKHS Main Gym,venue,"No exact canonical organization/venue match after normalization, or value is provisional/generic.","Centre for Kinesiology, Health and Sport Main Gym",Create or confirm alias to suggested canonical record.
REL-0063,medium,phase_2,Bloom_Boys_SK_Postsecondary_Trades_Phase_2_CONVOCATIONS_AND_CEREMONIES.csv,20,EVT-019,Venue operator,City of Prince Albert,organization,"No exact canonical organization/venue match after normalization, or value is provisional/generic.",,"Create canonical organization/venue if legitimate, or map to alias/status value after review."
REL-0064,medium,phase_2,Bloom_Boys_SK_Postsecondary_Trades_Phase_2_CONVOCATIONS_AND_CEREMONIES.csv,21,EVT-020,Venue operator,TCU Place / City of Saskatoon,organization,"No exact canonical organization/venue match after normalization, or value is provisional/generic.",,Split into multiple relationships when the value names more than one organization.
REL-0065,medium,phase_2,Bloom_Boys_SK_Postsecondary_Trades_Phase_2_CONVOCATIONS_AND_CEREMONIES.csv,22,EVT-021,Venue operator,TCU Place / City of Saskatoon,organization,"No exact canonical organization/venue match after normalization, or value is provisional/generic.",,Split into multiple relationships when the value names more than one organization.
REL-0066,medium,phase_2,Bloom_Boys_SK_Postsecondary_Trades_Phase_2_CONVOCATIONS_AND_CEREMONIES.csv,23,EVT-022,Venue operator,TCU Place / City of Saskatoon,organization,"No exact canonical organization/venue match after normalization, or value is provisional/generic.",,Split into multiple relationships when the value names more than one organization.
REL-0067,medium,phase_2,Bloom_Boys_SK_Postsecondary_Trades_Phase_2_CONVOCATIONS_AND_CEREMONIES.csv,24,EVT-023,Venue operator,Prairieland Park,organization,"No exact canonical organization/venue match after normalization, or value is provisional/generic.",,"Create canonical organization/venue if legitimate, or map to alias/status value after review."
REL-0068,high,phase_2,Bloom_Boys_SK_Postsecondary_Trades_Phase_2_CONVOCATIONS_AND_CEREMONIES.csv,26,EVT-025,Venue,FNUniv Regina campus/event grounds,venue,"No exact canonical organization/venue match after normalization, or value is provisional/generic.",First Nations University of Canada Regina campus/event grounds,Create or confirm alias to suggested canonical record.
REL-0069,medium,phase_2,Bloom_Boys_SK_Postsecondary_Trades_Phase_2_CONVOCATIONS_AND_CEREMONIES.csv,26,EVT-025,Venue operator,FNUniv,organization,"No exact canonical organization/venue match after normalization, or value is provisional/generic.",,"Create canonical organization/venue if legitimate, or map to alias/status value after review."
REL-0070,medium,phase_2,Bloom_Boys_SK_Postsecondary_Trades_Phase_2_CONVOCATIONS_AND_CEREMONIES.csv,27,EVT-026,Venue,Humboldt venue not captured,venue,"No exact canonical organization/venue match after normalization, or value is provisional/generic.",,Keep as unknown venue status until a specific venue is confirmed.
REL-0071,medium,phase_2,Bloom_Boys_SK_Postsecondary_Trades_Phase_2_CONVOCATIONS_AND_CEREMONIES.csv,27,EVT-026,Venue operator,Local venue,organization,"No exact canonical organization/venue match after normalization, or value is provisional/generic.",,"Create canonical organization/venue if legitimate, or map to alias/status value after review."
REL-0072,medium,phase_2,Bloom_Boys_SK_Postsecondary_Trades_Phase_2_CONVOCATIONS_AND_CEREMONIES.csv,28,EVT-027,Venue,Punnichy venue not captured,venue,"No exact canonical organization/venue match after normalization, or value is provisional/generic.",,Keep as unknown venue status until a specific venue is confirmed.
REL-0073,medium,phase_2,Bloom_Boys_SK_Postsecondary_Trades_Phase_2_CONVOCATIONS_AND_CEREMONIES.csv,28,EVT-027,Venue operator,Local venue,organization,"No exact canonical organization/venue match after normalization, or value is provisional/generic.",,"Create canonical organization/venue if legitimate, or map to alias/status value after review."
REL-0074,medium,phase_2,Bloom_Boys_SK_Postsecondary_Trades_Phase_2_CONVOCATIONS_AND_CEREMONIES.csv,29,EVT-028,Venue,Campus/community venues,venue,"No exact canonical organization/venue match after normalization, or value is provisional/generic.",,"Create canonical organization/venue if legitimate, or map to alias/status value after review."
REL-0075,medium,phase_2,Bloom_Boys_SK_Postsecondary_Trades_Phase_2_CONVOCATIONS_AND_CEREMONIES.csv,29,EVT-028,Venue operator,College/local venues,organization,"No exact canonical organization/venue match after normalization, or value is provisional/generic.",,"Create canonical organization/venue if legitimate, or map to alias/status value after review."
REL-0076,medium,phase_2,Bloom_Boys_SK_Postsecondary_Trades_Phase_2_CONVOCATIONS_AND_CEREMONIES.csv,30,EVT-029,Venue,Regional venues,venue,"No exact canonical organization/venue match after normalization, or value is provisional/generic.",,"Create canonical organization/venue if legitimate, or map to alias/status value after review."
REL-0077,medium,phase_2,Bloom_Boys_SK_Postsecondary_Trades_Phase_2_CONVOCATIONS_AND_CEREMONIES.csv,30,EVT-029,Venue operator,College/local venues,organization,"No exact canonical organization/venue match after normalization, or value is provisional/generic.",,"Create canonical organization/venue if legitimate, or map to alias/status value after review."
REL-0078,medium,phase_2,Bloom_Boys_SK_Postsecondary_Trades_Phase_2_CONVOCATIONS_AND_CEREMONIES.csv,31,EVT-030,Venue,Northern community venue,venue,"No exact canonical organization/venue match after normalization, or value is provisional/generic.",,"Create canonical organization/venue if legitimate, or map to alias/status value after review."
REL-0079,medium,phase_2,Bloom_Boys_SK_Postsecondary_Trades_Phase_2_CONVOCATIONS_AND_CEREMONIES.csv,31,EVT-030,Venue operator,College/local venue,organization,"No exact canonical organization/venue match after normalization, or value is provisional/generic.",,"Create canonical organization/venue if legitimate, or map to alias/status value after review."
REL-0080,medium,phase_2,Bloom_Boys_SK_Postsecondary_Trades_Phase_2_CONVOCATIONS_AND_CEREMONIES.csv,32,EVT-031,Venue,North regional venue not captured,venue,"No exact canonical organization/venue match after normalization, or value is provisional/generic.",,Keep as unknown venue status until a specific venue is confirmed.
REL-0081,medium,phase_2,Bloom_Boys_SK_Postsecondary_Trades_Phase_2_CONVOCATIONS_AND_CEREMONIES.csv,32,EVT-031,Venue operator,College/local venue,organization,"No exact canonical organization/venue match after normalization, or value is provisional/generic.",,"Create canonical organization/venue if legitimate, or map to alias/status value after review."
REL-0082,medium,phase_2,Bloom_Boys_SK_Postsecondary_Trades_Phase_2_CONVOCATIONS_AND_CEREMONIES.csv,33,EVT-032,Venue,South regional venue not captured,venue,"No exact canonical organization/venue match after normalization, or value is provisional/generic.",,Keep as unknown venue status until a specific venue is confirmed.
REL-0083,medium,phase_2,Bloom_Boys_SK_Postsecondary_Trades_Phase_2_CONVOCATIONS_AND_CEREMONIES.csv,33,EVT-032,Venue operator,College/local venue,organization,"No exact canonical organization/venue match after normalization, or value is provisional/generic.",,"Create canonical organization/venue if legitimate, or map to alias/status value after review."
REL-0084,medium,phase_2,Bloom_Boys_SK_Postsecondary_Trades_Phase_2_CONVOCATIONS_AND_CEREMONIES.csv,34,EVT-033,Venue,Community venues,venue,"No exact canonical organization/venue match after normalization, or value is provisional/generic.",,"Create canonical organization/venue if legitimate, or map to alias/status value after review."
REL-0085,medium,phase_2,Bloom_Boys_SK_Postsecondary_Trades_Phase_2_CONVOCATIONS_AND_CEREMONIES.csv,34,EVT-033,Venue operator,College/local venues,organization,"No exact canonical organization/venue match after normalization, or value is provisional/generic.",,"Create canonical organization/venue if legitimate, or map to alias/status value after review."
REL-0086,medium,phase_2,Bloom_Boys_SK_Postsecondary_Trades_Phase_2_CONVOCATIONS_AND_CEREMONIES.csv,35,EVT-034,Venue operator,Briercrest,organization,"No exact canonical organization/venue match after normalization, or value is provisional/generic.",,"Create canonical organization/venue if legitimate, or map to alias/status value after review."
REL-0087,medium,phase_2,Bloom_Boys_SK_Postsecondary_Trades_Phase_2_CONVOCATIONS_AND_CEREMONIES.csv,36,EVT-035,Venue,2026 venue not stated; 2024 used Conexus Arts Centre,venue,"No exact canonical organization/venue match after normalization, or value is provisional/generic.",,Keep as unknown venue status until a specific venue is confirmed.
REL-0088,medium,phase_2,Bloom_Boys_SK_Postsecondary_Trades_Phase_2_CONVOCATIONS_AND_CEREMONIES.csv,36,EVT-035,Venue operator,SATCC / host venue,organization,"No exact canonical organization/venue match after normalization, or value is provisional/generic.",,Split into multiple relationships when the value names more than one organization.
REL-0089,medium,phase_2,Bloom_Boys_SK_Postsecondary_Trades_Phase_2_CONVOCATIONS_AND_CEREMONIES.csv,37,EVT-036,Venue,Venue not captured,venue,"No exact canonical organization/venue match after normalization, or value is provisional/generic.",,Keep as unknown venue status until a specific venue is confirmed.
REL-0090,medium,phase_2,Bloom_Boys_SK_Postsecondary_Trades_Phase_2_CONVOCATIONS_AND_CEREMONIES.csv,37,EVT-036,Venue operator,CPA Saskatchewan / venue,organization,"No exact canonical organization/venue match after normalization, or value is provisional/generic.",,Split into multiple relationships when the value names more than one organization.
REL-0091,high,phase_2,Bloom_Boys_SK_Postsecondary_Trades_Phase_2_CONVOCATIONS_AND_CEREMONIES.csv,38,EVT-037,Institution,APEGS,organization,"No exact canonical organization/venue match after normalization, or value is provisional/generic.",Association of Professional Engineers and Geoscientists of Saskatchewan,Create or confirm alias to suggested canonical record.
REL-0092,medium,phase_2,Bloom_Boys_SK_Postsecondary_Trades_Phase_2_CONVOCATIONS_AND_CEREMONIES.csv,38,EVT-037,Venue,Venue shown in registration; confirm directly,venue,"No exact canonical organization/venue match after normalization, or value is provisional/generic.",,Keep as unknown venue status until a specific venue is confirmed.
REL-0093,medium,phase_2,Bloom_Boys_SK_Postsecondary_Trades_Phase_2_CONVOCATIONS_AND_CEREMONIES.csv,38,EVT-037,Venue operator,APEGS / venue,organization,"No exact canonical organization/venue match after normalization, or value is provisional/generic.",,Split into multiple relationships when the value names more than one organization.
REL-0094,medium,phase_2,Bloom_Boys_SK_Postsecondary_Trades_Phase_2_CONVOCATIONS_AND_CEREMONIES.csv,39,EVT-038,Venue,Institution/faculty venue not publicly captured,venue,"No exact canonical organization/venue match after normalization, or value is provisional/generic.",,Keep as unknown venue status until a specific venue is confirmed.
REL-0095,medium,phase_2,Bloom_Boys_SK_Postsecondary_Trades_Phase_2_CONVOCATIONS_AND_CEREMONIES.csv,39,EVT-038,Venue operator,Institution or professional body,organization,"No exact canonical organization/venue match after normalization, or value is provisional/generic.",,"Create canonical organization/venue if legitimate, or map to alias/status value after review."
REL-0096,medium,phase_2,Bloom_Boys_SK_Postsecondary_Trades_Phase_2_CONVOCATIONS_AND_CEREMONIES.csv,40,EVT-039,Venue,Institution/faculty venue not publicly captured,venue,"No exact canonical organization/venue match after normalization, or value is provisional/generic.",,Keep as unknown venue status until a specific venue is confirmed.
REL-0097,medium,phase_2,Bloom_Boys_SK_Postsecondary_Trades_Phase_2_CONVOCATIONS_AND_CEREMONIES.csv,40,EVT-039,Venue operator,Institution or professional body,organization,"No exact canonical organization/venue match after normalization, or value is provisional/generic.",,"Create canonical organization/venue if legitimate, or map to alias/status value after review."
REL-0098,medium,phase_2,Bloom_Boys_SK_Postsecondary_Trades_Phase_2_CONVOCATIONS_AND_CEREMONIES.csv,41,EVT-040,Venue,Institution/faculty venue not publicly captured,venue,"No exact canonical organization/venue match after normalization, or value is provisional/generic.",,Keep as unknown venue status until a specific venue is confirmed.
REL-0099,medium,phase_2,Bloom_Boys_SK_Postsecondary_Trades_Phase_2_CONVOCATIONS_AND_CEREMONIES.csv,41,EVT-040,Venue operator,Institution or professional body,organization,"No exact canonical organization/venue match after normalization, or value is provisional/generic.",,"Create canonical organization/venue if legitimate, or map to alias/status value after review."
REL-0100,medium,phase_2,Bloom_Boys_SK_Postsecondary_Trades_Phase_2_CONVOCATIONS_AND_CEREMONIES.csv,42,EVT-041,Venue,Institution/faculty venue not publicly captured,venue,"No exact canonical organization/venue match after normalization, or value is provisional/generic.",,Keep as unknown venue status until a specific venue is confirmed.
REL-0101,medium,phase_2,Bloom_Boys_SK_Postsecondary_Trades_Phase_2_CONVOCATIONS_AND_CEREMONIES.csv,42,EVT-041,Venue operator,Institution or professional body,organization,"No exact canonical organization/venue match after normalization, or value is provisional/generic.",,"Create canonical organization/venue if legitimate, or map to alias/status value after review."
REL-0102,medium,phase_2,Bloom_Boys_SK_Postsecondary_Trades_Phase_2_CONVOCATIONS_AND_CEREMONIES.csv,43,EVT-042,Venue,Institution/faculty venue not publicly captured,venue,"No exact canonical organization/venue match after normalization, or value is provisional/generic.",,Keep as unknown venue status until a specific venue is confirmed.
REL-0103,medium,phase_2,Bloom_Boys_SK_Postsecondary_Trades_Phase_2_CONVOCATIONS_AND_CEREMONIES.csv,43,EVT-042,Venue operator,Institution or professional body,organization,"No exact canonical organization/venue match after normalization, or value is provisional/generic.",,"Create canonical organization/venue if legitimate, or map to alias/status value after review."
REL-0104,medium,phase_2,Bloom_Boys_SK_Postsecondary_Trades_Phase_2_CONVOCATIONS_AND_CEREMONIES.csv,44,EVT-043,Venue,Institution/faculty venue not publicly captured,venue,"No exact canonical organization/venue match after normalization, or value is provisional/generic.",,Keep as unknown venue status until a specific venue is confirmed.
REL-0105,medium,phase_2,Bloom_Boys_SK_Postsecondary_Trades_Phase_2_CONVOCATIONS_AND_CEREMONIES.csv,44,EVT-043,Venue operator,Institution or professional body,organization,"No exact canonical organization/venue match after normalization, or value is provisional/generic.",,"Create canonical organization/venue if legitimate, or map to alias/status value after review."
REL-0106,medium,phase_2,Bloom_Boys_SK_Postsecondary_Trades_Phase_2_CONVOCATIONS_AND_CEREMONIES.csv,45,EVT-044,Institution,University of Saskatchewan / University of Regina,organization,"No exact canonical organization/venue match after normalization, or value is provisional/generic.",,Split into multiple relationships when the value names more than one organization.
REL-0107,medium,phase_2,Bloom_Boys_SK_Postsecondary_Trades_Phase_2_CONVOCATIONS_AND_CEREMONIES.csv,45,EVT-044,Venue,Institution/faculty venue not publicly captured,venue,"No exact canonical organization/venue match after normalization, or value is provisional/generic.",,Keep as unknown venue status until a specific venue is confirmed.
REL-0108,medium,phase_2,Bloom_Boys_SK_Postsecondary_Trades_Phase_2_CONVOCATIONS_AND_CEREMONIES.csv,45,EVT-044,Venue operator,Institution or professional body,organization,"No exact canonical organization/venue match after normalization, or value is provisional/generic.",,"Create canonical organization/venue if legitimate, or map to alias/status value after review."
REL-0109,medium,phase_2,Bloom_Boys_SK_Postsecondary_Trades_Phase_2_VENUES.csv,3,VEN-002,Venue operator,TCU Place / City of Saskatoon,organization,"No exact canonical organization/venue match after normalization, or value is provisional/generic.",,Split into multiple relationships when the value names more than one organization.
REL-0110,medium,phase_2,Bloom_Boys_SK_Postsecondary_Trades_Phase_2_VENUES.csv,4,VEN-003,Venue operator,Prairieland Park,organization,"No exact canonical organization/venue match after normalization, or value is provisional/generic.",,"Create canonical organization/venue if legitimate, or map to alias/status value after review."
REL-0111,medium,phase_2,Bloom_Boys_SK_Postsecondary_Trades_Phase_2_VENUES.csv,7,VEN-006,Venue operator,City of Prince Albert,organization,"No exact canonical organization/venue match after normalization, or value is provisional/generic.",,"Create canonical organization/venue if legitimate, or map to alias/status value after review."
REL-0112,medium,phase_2,Bloom_Boys_SK_Postsecondary_Trades_Phase_2_VENUES.csv,9,VEN-008,Venue operator,REAL District,organization,"No exact canonical organization/venue match after normalization, or value is provisional/generic.",,"Create canonical organization/venue if legitimate, or map to alias/status value after review."
REL-0113,medium,phase_2,Bloom_Boys_SK_Postsecondary_Trades_Phase_2_VENUES.csv,10,VEN-009,Venue operator,REAL District,organization,"No exact canonical organization/venue match after normalization, or value is provisional/generic.",,"Create canonical organization/venue if legitimate, or map to alias/status value after review."
REL-0114,medium,phase_2,Bloom_Boys_SK_Postsecondary_Trades_Phase_2_VENUES.csv,11,VEN-010,Venue operator,SaskTel Centre operator,organization,"No exact canonical organization/venue match after normalization, or value is provisional/generic.",,"Create canonical organization/venue if legitimate, or map to alias/status value after review."
REL-0115,medium,phase_2,Bloom_Boys_SK_Postsecondary_Trades_Phase_2_VENUES.csv,12,VEN-011,Venue operator,Wanuskewin,organization,"No exact canonical organization/venue match after normalization, or value is provisional/generic.",,"Create canonical organization/venue if legitimate, or map to alias/status value after review."
REL-0116,medium,phase_2,Bloom_Boys_SK_Postsecondary_Trades_Phase_2_VENUES.csv,13,VEN-012,Venue operator,Dakota Dunes Resort,organization,"No exact canonical organization/venue match after normalization, or value is provisional/generic.",,"Create canonical organization/venue if legitimate, or map to alias/status value after review."
REL-0117,medium,phase_2,Bloom_Boys_SK_Postsecondary_Trades_Phase_2_VENUES.csv,14,VEN-013,Venue operator,Local arts operator,organization,"No exact canonical organization/venue match after normalization, or value is provisional/generic.",,"Create canonical organization/venue if legitimate, or map to alias/status value after review."
REL-0118,medium,phase_2,Bloom_Boys_SK_Postsecondary_Trades_Phase_2_VENUES.csv,16,VEN-015,Venue operator,City of Yorkton,organization,"No exact canonical organization/venue match after normalization, or value is provisional/generic.",,"Create canonical organization/venue if legitimate, or map to alias/status value after review."
REL-0119,medium,phase_2,Bloom_Boys_SK_Postsecondary_Trades_Phase_2_VENUES.csv,17,VEN-016,Venue operator,City of Melfort,organization,"No exact canonical organization/venue match after normalization, or value is provisional/generic.",,"Create canonical organization/venue if legitimate, or map to alias/status value after review."
REL-0120,medium,phase_2,Bloom_Boys_SK_Postsecondary_Trades_Phase_2_VENUES.csv,18,VEN-017,Venue operator,City of Swift Current,organization,"No exact canonical organization/venue match after normalization, or value is provisional/generic.",,"Create canonical organization/venue if legitimate, or map to alias/status value after review."
REL-0121,medium,phase_2,Bloom_Boys_SK_Postsecondary_Trades_Phase_2_TRADES_AND_PROFESSIONAL_BODIES.csv,2,TPB-001,Venue,2026 venue requires confirmation; 2024 used Conexus,venue,"No exact canonical organization/venue match after normalization, or value is provisional/generic.",,Keep as unknown venue status until a specific venue is confirmed.
REL-0122,medium,phase_2,Bloom_Boys_SK_Postsecondary_Trades_Phase_2_TRADES_AND_PROFESSIONAL_BODIES.csv,3,TPB-002,Venue,Venue not captured,venue,"No exact canonical organization/venue match after normalization, or value is provisional/generic.",,Keep as unknown venue status until a specific venue is confirmed.
REL-0123,medium,phase_2,Bloom_Boys_SK_Postsecondary_Trades_Phase_2_TRADES_AND_PROFESSIONAL_BODIES.csv,4,TPB-003,Venue,Venue listed in registration; confirm directly,venue,"No exact canonical organization/venue match after normalization, or value is provisional/generic.",,Keep as unknown venue status until a specific venue is confirmed.
REL-0124,medium,phase_2,Bloom_Boys_SK_Postsecondary_Trades_Phase_2_TRADES_AND_PROFESSIONAL_BODIES.csv,5,TPB-004,Venue,Venue not publicly confirmed,venue,"No exact canonical organization/venue match after normalization, or value is provisional/generic.",,Keep as unknown venue status until a specific venue is confirmed.
REL-0125,medium,phase_2,Bloom_Boys_SK_Postsecondary_Trades_Phase_2_TRADES_AND_PROFESSIONAL_BODIES.csv,6,TPB-005,Venue,Venue not publicly confirmed,venue,"No exact canonical organization/venue match after normalization, or value is provisional/generic.",,Keep as unknown venue status until a specific venue is confirmed.
REL-0126,medium,phase_2,Bloom_Boys_SK_Postsecondary_Trades_Phase_2_TRADES_AND_PROFESSIONAL_BODIES.csv,7,TPB-006,Venue,Venue not publicly confirmed,venue,"No exact canonical organization/venue match after normalization, or value is provisional/generic.",,Keep as unknown venue status until a specific venue is confirmed.
REL-0127,medium,phase_2,Bloom_Boys_SK_Postsecondary_Trades_Phase_2_TRADES_AND_PROFESSIONAL_BODIES.csv,8,TPB-007,Venue,Venue not publicly confirmed,venue,"No exact canonical organization/venue match after normalization, or value is provisional/generic.",,Keep as unknown venue status until a specific venue is confirmed.
REL-0128,medium,phase_2,Bloom_Boys_SK_Postsecondary_Trades_Phase_2_TRADES_AND_PROFESSIONAL_BODIES.csv,9,TPB-008,Venue,Venue not publicly confirmed,venue,"No exact canonical organization/venue match after normalization, or value is provisional/generic.",,Keep as unknown venue status until a specific venue is confirmed.
REL-0129,medium,phase_2,Bloom_Boys_SK_Postsecondary_Trades_Phase_2_TRADES_AND_PROFESSIONAL_BODIES.csv,10,TPB-009,Venue,Venue not publicly confirmed,venue,"No exact canonical organization/venue match after normalization, or value is provisional/generic.",,Keep as unknown venue status until a specific venue is confirmed.
REL-0130,medium,phase_2,Bloom_Boys_SK_Postsecondary_Trades_Phase_2_TRADES_AND_PROFESSIONAL_BODIES.csv,11,TPB-010,Venue,Venue not publicly confirmed,venue,"No exact canonical organization/venue match after normalization, or value is provisional/generic.",,Keep as unknown venue status until a specific venue is confirmed.
REL-0131,medium,phase_2,Bloom_Boys_SK_Postsecondary_Trades_Phase_2_TRADES_AND_PROFESSIONAL_BODIES.csv,12,TPB-011,Venue,Venue not publicly confirmed,venue,"No exact canonical organization/venue match after normalization, or value is provisional/generic.",,Keep as unknown venue status until a specific venue is confirmed.
REL-0132,medium,phase_2,Bloom_Boys_SK_Postsecondary_Trades_Phase_2_TRADES_AND_PROFESSIONAL_BODIES.csv,13,TPB-012,Venue,Venue not publicly confirmed,venue,"No exact canonical organization/venue match after normalization, or value is provisional/generic.",,Keep as unknown venue status until a specific venue is confirmed.
REL-0133,medium,phase_2,Bloom_Boys_SK_Postsecondary_Trades_Phase_2_TRADES_AND_PROFESSIONAL_BODIES.csv,14,TPB-013,Venue,Venue not publicly confirmed,venue,"No exact canonical organization/venue match after normalization, or value is provisional/generic.",,Keep as unknown venue status until a specific venue is confirmed.
REL-0134,medium,phase_2,Bloom_Boys_SK_Postsecondary_Trades_Phase_2_TRADES_AND_PROFESSIONAL_BODIES.csv,15,TPB-014,Venue,Venue not publicly confirmed,venue,"No exact canonical organization/venue match after normalization, or value is provisional/generic.",,Keep as unknown venue status until a specific venue is confirmed.
REL-0135,medium,phase_2,Bloom_Boys_SK_Postsecondary_Trades_Phase_2_TRADES_AND_PROFESSIONAL_BODIES.csv,16,TPB-015,Venue,Venue not publicly confirmed,venue,"No exact canonical organization/venue match after normalization, or value is provisional/generic.",,Keep as unknown venue status until a specific venue is confirmed.
REL-0136,medium,phase_2,Bloom_Boys_SK_Postsecondary_Trades_Phase_2_TRADES_AND_PROFESSIONAL_BODIES.csv,17,TPB-016,Venue,Venue not publicly confirmed,venue,"No exact canonical organization/venue match after normalization, or value is provisional/generic.",,Keep as unknown venue status until a specific venue is confirmed.
REL-0137,medium,phase_2,Bloom_Boys_SK_Postsecondary_Trades_Phase_2_TRADES_AND_PROFESSIONAL_BODIES.csv,18,TPB-017,Venue,Venue not publicly confirmed,venue,"No exact canonical organization/venue match after normalization, or value is provisional/generic.",,Keep as unknown venue status until a specific venue is confirmed.
REL-0138,medium,phase_2,Bloom_Boys_SK_Postsecondary_Trades_Phase_2_TRADES_AND_PROFESSIONAL_BODIES.csv,19,TPB-018,Venue,Venue not publicly confirmed,venue,"No exact canonical organization/venue match after normalization, or value is provisional/generic.",,Keep as unknown venue status until a specific venue is confirmed.
REL-0139,medium,phase_2,Bloom_Boys_SK_Postsecondary_Trades_Phase_2_TRADES_AND_PROFESSIONAL_BODIES.csv,20,TPB-019,Venue,Venue not publicly confirmed,venue,"No exact canonical organization/venue match after normalization, or value is provisional/generic.",,Keep as unknown venue status until a specific venue is confirmed.
REL-0140,medium,phase_2,Bloom_Boys_SK_Postsecondary_Trades_Phase_2_TRADES_AND_PROFESSIONAL_BODIES.csv,21,TPB-020,Venue,Venue not publicly confirmed,venue,"No exact canonical organization/venue match after normalization, or value is provisional/generic.",,Keep as unknown venue status until a specific venue is confirmed.
REL-0141,high,phase_2,Bloom_Boys_SK_Postsecondary_Trades_Phase_2_PROCUREMENT_AND_POLICIES.csv,5,,Organization,SIIT,organization,"No exact canonical organization/venue match after normalization, or value is provisional/generic.",Saskatchewan Indian Institute of Technologies,Create or confirm alias to suggested canonical record.
REL-0142,medium,phase_2,Bloom_Boys_SK_Postsecondary_Trades_Phase_2_PROCUREMENT_AND_POLICIES.csv,11,,Organization,Prairieland Park,organization,"No exact canonical organization/venue match after normalization, or value is provisional/generic.",,"Create canonical organization/venue if legitimate, or map to alias/status value after review."
REL-0143,medium,phase_2,Bloom_Boys_SK_Postsecondary_Trades_Phase_2_PROCUREMENT_AND_POLICIES.csv,12,,Organization,Government/public institutions,organization,"No exact canonical organization/venue match after normalization, or value is provisional/generic.",,"Create canonical organization/venue if legitimate, or map to alias/status value after review."
REL-0144,medium,phase_2,Bloom_Boys_SK_Postsecondary_Trades_Phase_2_RESEARCH_GAPS.csv,2,,Organization,All Phase 1 connections,organization,"No exact canonical organization/venue match after normalization, or value is provisional/generic.",,"Create canonical organization/venue if legitimate, or map to alias/status value after review."
REL-0145,high,phase_2,Bloom_Boys_SK_Postsecondary_Trades_Phase_2_RESEARCH_GAPS.csv,7,,Organization,SIIT,organization,"No exact canonical organization/venue match after normalization, or value is provisional/generic.",Saskatchewan Indian Institute of Technologies,Create or confirm alias to suggested canonical record.
REL-0146,high,phase_2,Bloom_Boys_SK_Postsecondary_Trades_Phase_2_RESEARCH_GAPS.csv,16,,Organization,SATCC,organization,"No exact canonical organization/venue match after normalization, or value is provisional/generic.",Saskatchewan Apprenticeship and Trade Certification Commission,Create or confirm alias to suggested canonical record.
REL-0147,high,phase_2,Bloom_Boys_SK_Postsecondary_Trades_Phase_2_RESEARCH_GAPS.csv,18,,Organization,APEGS,organization,"No exact canonical organization/venue match after normalization, or value is provisional/generic.",Association of Professional Engineers and Geoscientists of Saskatchewan,Create or confirm alias to suggested canonical record.
REL-0148,medium,phase_2,Bloom_Boys_SK_Postsecondary_Trades_Phase_2_RESEARCH_GAPS.csv,21,,Organization,Prairieland Park,organization,"No exact canonical organization/venue match after normalization, or value is provisional/generic.",,"Create canonical organization/venue if legitimate, or map to alias/status value after review."
REL-0149,high,phase_2,Bloom_Boys_SK_Postsecondary_Trades_Phase_2_RESEARCH_GAPS.csv,26,,Organization,USask College of Medicine,organization,"No exact canonical organization/venue match after normalization, or value is provisional/generic.",University of Saskatchewan College of Medicine,Create or confirm alias to suggested canonical record.
REL-0150,high,phase_2,Bloom_Boys_SK_Postsecondary_Trades_Phase_2_RESEARCH_GAPS.csv,27,,Organization,USask College of Nursing,organization,"No exact canonical organization/venue match after normalization, or value is provisional/generic.",University of Saskatchewan College of Nursing,Create or confirm alias to suggested canonical record.
REL-0151,high,phase_2,Bloom_Boys_SK_Postsecondary_Trades_Phase_2_RESEARCH_GAPS.csv,28,,Organization,USask WCVM,organization,"No exact canonical organization/venue match after normalization, or value is provisional/generic.",Western College of Veterinary Medicine,Create or confirm alias to suggested canonical record.
REL-0152,medium,phase_2,Bloom_Boys_SK_Postsecondary_Trades_Phase_2_RESEARCH_GAPS.csv,29,,Organization,USask Engineering / Camp 4,organization,"No exact canonical organization/venue match after normalization, or value is provisional/generic.",,Split into multiple relationships when the value names more than one organization.
REL-0153,high,phase_2,Bloom_Boys_SK_Postsecondary_Trades_Phase_2_RESEARCH_GAPS.csv,30,,Organization,U of R Faculty of Nursing,organization,"No exact canonical organization/venue match after normalization, or value is provisional/generic.",University of Regina Faculty of Nursing,Create or confirm alias to suggested canonical record.
REL-0154,medium,phase_2,Bloom_Boys_SK_Postsecondary_Trades_Phase_2_PRIORITY_OUTREACH_LIST.csv,9,8,Institution or organization,Prairieland Park,organization,"No exact canonical organization/venue match after normalization, or value is provisional/generic.",,"Create canonical organization/venue if legitimate, or map to alias/status value after review."
REL-0155,high,phase_2,Bloom_Boys_SK_Postsecondary_Trades_Phase_2_PRIORITY_OUTREACH_LIST.csv,15,14,Institution or organization,University of Regina CKHS Main Gym,organization,"No exact canonical organization/venue match after normalization, or value is provisional/generic.","Centre for Kinesiology, Health and Sport Main Gym",Create or confirm alias to suggested canonical record.
REL-0156,high,phase_2,Bloom_Boys_SK_Postsecondary_Trades_Phase_2_PRIORITY_OUTREACH_LIST.csv,34,33,Institution or organization,APEGS,organization,"No exact canonical organization/venue match after normalization, or value is provisional/generic.",Association of Professional Engineers and Geoscientists of Saskatchewan,Create or confirm alias to suggested canonical record.
REL-0157,high,phase_2,Bloom_Boys_SK_Postsecondary_Trades_Phase_2_PHASE_1_CONNECTIONS.csv,2,,Phase 1 school or division,Saskatoon Public Schools — exact school rows pending Phase 1 import,phase_1_school_or_division,"No exact canonical organization/venue match after normalization, or value is provisional/generic.",,Reconcile against Phase 1 source rows and replace provisional wording with exact organization links.
REL-0158,high,phase_2,Bloom_Boys_SK_Postsecondary_Trades_Phase_2_PHASE_1_CONNECTIONS.csv,3,,Phase 1 school or division,Greater Saskatoon Catholic Schools — exact rows pending,phase_1_school_or_division,"No exact canonical organization/venue match after normalization, or value is provisional/generic.",,Reconcile against Phase 1 source rows and replace provisional wording with exact organization links.
REL-0159,high,phase_2,Bloom_Boys_SK_Postsecondary_Trades_Phase_2_PHASE_1_CONNECTIONS.csv,4,,Phase 1 school or division,Saskatoon-area high schools — exact rows pending,phase_1_school_or_division,"No exact canonical organization/venue match after normalization, or value is provisional/generic.",,Reconcile against Phase 1 source rows and replace provisional wording with exact organization links.
REL-0160,high,phase_2,Bloom_Boys_SK_Postsecondary_Trades_Phase_2_PHASE_1_CONNECTIONS.csv,5,,Phase 1 school or division,Saskatoon-area schools — exact rows pending,phase_1_school_or_division,"No exact canonical organization/venue match after normalization, or value is provisional/generic.",,Reconcile against Phase 1 source rows and replace provisional wording with exact organization links.
REL-0161,medium,phase_2,Bloom_Boys_SK_Postsecondary_Trades_Phase_2_PHASE_1_CONNECTIONS.csv,5,,Phase 2 institution or venue,Prairieland Park,phase_2_institution_or_venue,"No exact canonical organization/venue match after normalization, or value is provisional/generic.",,"Create canonical organization/venue if legitimate, or map to alias/status value after review."
REL-0162,medium,phase_2,Bloom_Boys_SK_Postsecondary_Trades_Phase_2_PHASE_1_CONNECTIONS.csv,5,,Shared venue,Prairieland Park,venue,"No exact canonical organization/venue match after normalization, or value is provisional/generic.",,"Create canonical organization/venue if legitimate, or map to alias/status value after review."
REL-0163,high,phase_2,Bloom_Boys_SK_Postsecondary_Trades_Phase_2_PHASE_1_CONNECTIONS.csv,6,,Phase 1 school or division,Regina Public Schools — exact rows pending,phase_1_school_or_division,"No exact canonical organization/venue match after normalization, or value is provisional/generic.",,Reconcile against Phase 1 source rows and replace provisional wording with exact organization links.
REL-0164,high,phase_2,Bloom_Boys_SK_Postsecondary_Trades_Phase_2_PHASE_1_CONNECTIONS.csv,7,,Phase 1 school or division,Regina Catholic School Division — exact rows pending,phase_1_school_or_division,"No exact canonical organization/venue match after normalization, or value is provisional/generic.",,Reconcile against Phase 1 source rows and replace provisional wording with exact organization links.
REL-0165,high,phase_2,Bloom_Boys_SK_Postsecondary_Trades_Phase_2_PHASE_1_CONNECTIONS.csv,8,,Phase 1 school or division,Regina school divisions — exact rows pending,phase_1_school_or_division,"No exact canonical organization/venue match after normalization, or value is provisional/generic.",,Reconcile against Phase 1 source rows and replace provisional wording with exact organization links.
REL-0166,high,phase_2,Bloom_Boys_SK_Postsecondary_Trades_Phase_2_PHASE_1_CONNECTIONS.csv,9,,Phase 1 school or division,Prince Albert school divisions — exact rows pending,phase_1_school_or_division,"No exact canonical organization/venue match after normalization, or value is provisional/generic.",,Reconcile against Phase 1 source rows and replace provisional wording with exact organization links.
REL-0167,high,phase_2,Bloom_Boys_SK_Postsecondary_Trades_Phase_2_PHASE_1_CONNECTIONS.csv,10,,Phase 1 school or division,North Battleford schools — exact rows pending,phase_1_school_or_division,"No exact canonical organization/venue match after normalization, or value is provisional/generic.",,Reconcile against Phase 1 source rows and replace provisional wording with exact organization links.
REL-0168,high,phase_2,Bloom_Boys_SK_Postsecondary_Trades_Phase_2_PHASE_1_CONNECTIONS.csv,11,,Phase 1 school or division,Yorkton-area schools — exact rows pending,phase_1_school_or_division,"No exact canonical organization/venue match after normalization, or value is provisional/generic.",,Reconcile against Phase 1 source rows and replace provisional wording with exact organization links.
REL-0169,high,phase_2,Bloom_Boys_SK_Postsecondary_Trades_Phase_2_PHASE_1_CONNECTIONS.csv,12,,Phase 1 school or division,Melfort-area schools — exact rows pending,phase_1_school_or_division,"No exact canonical organization/venue match after normalization, or value is provisional/generic.",,Reconcile against Phase 1 source rows and replace provisional wording with exact organization links.
REL-0170,high,phase_2,Bloom_Boys_SK_Postsecondary_Trades_Phase_2_PHASE_1_CONNECTIONS.csv,13,,Phase 1 school or division,Swift Current schools — exact rows pending,phase_1_school_or_division,"No exact canonical organization/venue match after normalization, or value is provisional/generic.",,Reconcile against Phase 1 source rows and replace provisional wording with exact organization links.
REL-0171,medium,phase_2,Bloom_Boys_SK_Postsecondary_Trades_Phase_2_PHASE_1_CONNECTIONS.csv,14,,Phase 1 school or division,Saskatoon Public Schools,phase_1_school_or_division,"No exact canonical organization/venue match after normalization, or value is provisional/generic.",,"Create canonical organization/venue if legitimate, or map to alias/status value after review."
REL-0172,medium,phase_2,Bloom_Boys_SK_Postsecondary_Trades_Phase_2_PHASE_1_CONNECTIONS.csv,14,,Shared venue,Not a single shared venue,venue,"No exact canonical organization/venue match after normalization, or value is provisional/generic.",,Keep as unknown venue status until a specific venue is confirmed.
REL-0173,medium,phase_2,Bloom_Boys_SK_Postsecondary_Trades_Phase_2_PHASE_1_CONNECTIONS.csv,15,,Phase 1 school or division,Greater Saskatoon Catholic Schools,phase_1_school_or_division,"No exact canonical organization/venue match after normalization, or value is provisional/generic.",,"Create canonical organization/venue if legitimate, or map to alias/status value after review."
REL-0174,medium,phase_2,Bloom_Boys_SK_Postsecondary_Trades_Phase_2_PHASE_1_CONNECTIONS.csv,15,,Shared venue,Not a single shared venue,venue,"No exact canonical organization/venue match after normalization, or value is provisional/generic.",,Keep as unknown venue status until a specific venue is confirmed.
REL-0175,medium,phase_2,Bloom_Boys_SK_Postsecondary_Trades_Phase_2_PHASE_1_CONNECTIONS.csv,16,,Phase 1 school or division,Regina Public Schools,phase_1_school_or_division,"No exact canonical organization/venue match after normalization, or value is provisional/generic.",,"Create canonical organization/venue if legitimate, or map to alias/status value after review."
REL-0176,medium,phase_2,Bloom_Boys_SK_Postsecondary_Trades_Phase_2_PHASE_1_CONNECTIONS.csv,16,,Shared venue,Not a single shared venue,venue,"No exact canonical organization/venue match after normalization, or value is provisional/generic.",,Keep as unknown venue status until a specific venue is confirmed.
REL-0177,medium,phase_2,Bloom_Boys_SK_Postsecondary_Trades_Phase_2_PHASE_1_CONNECTIONS.csv,17,,Phase 1 school or division,Regina Catholic School Division,phase_1_school_or_division,"No exact canonical organization/venue match after normalization, or value is provisional/generic.",,"Create canonical organization/venue if legitimate, or map to alias/status value after review."
REL-0178,medium,phase_2,Bloom_Boys_SK_Postsecondary_Trades_Phase_2_PHASE_1_CONNECTIONS.csv,17,,Shared venue,Not a single shared venue,venue,"No exact canonical organization/venue match after normalization, or value is provisional/generic.",,Keep as unknown venue status until a specific venue is confirmed.
REL-0179,medium,phase_2,Bloom_Boys_SK_Postsecondary_Trades_Phase_2_PHASE_1_CONNECTIONS.csv,18,,Phase 1 school or division,Provincial high-school network,phase_1_school_or_division,"No exact canonical organization/venue match after normalization, or value is provisional/generic.",,"Create canonical organization/venue if legitimate, or map to alias/status value after review."
REL-0180,medium,phase_2,Bloom_Boys_SK_Postsecondary_Trades_Phase_2_PHASE_1_CONNECTIONS.csv,18,,Shared venue,Not a single shared venue,venue,"No exact canonical organization/venue match after normalization, or value is provisional/generic.",,Keep as unknown venue status until a specific venue is confirmed.
REL-0181,medium,phase_2,Bloom_Boys_SK_Postsecondary_Trades_Phase_2_PHASE_1_CONNECTIONS.csv,19,,Phase 1 school or division,Provincial high-school network,phase_1_school_or_division,"No exact canonical organization/venue match after normalization, or value is provisional/generic.",,"Create canonical organization/venue if legitimate, or map to alias/status value after review."
REL-0182,high,phase_2,Bloom_Boys_SK_Postsecondary_Trades_Phase_2_PHASE_1_CONNECTIONS.csv,19,,Phase 2 institution or venue,SATCC,phase_2_institution_or_venue,"No exact canonical organization/venue match after normalization, or value is provisional/generic.",Saskatchewan Apprenticeship and Trade Certification Commission,Create or confirm alias to suggested canonical record.
REL-0183,medium,phase_2,Bloom_Boys_SK_Postsecondary_Trades_Phase_2_PHASE_1_CONNECTIONS.csv,19,,Shared venue,Not a single shared venue,venue,"No exact canonical organization/venue match after normalization, or value is provisional/generic.",,Keep as unknown venue status until a specific venue is confirmed.
REL-0184,medium,phase_2,Bloom_Boys_SK_Postsecondary_Trades_Phase_2_PHASE_1_CONNECTIONS.csv,20,,Phase 1 school or division,Northern Saskatchewan schools,phase_1_school_or_division,"No exact canonical organization/venue match after normalization, or value is provisional/generic.",,"Create canonical organization/venue if legitimate, or map to alias/status value after review."
REL-0185,medium,phase_2,Bloom_Boys_SK_Postsecondary_Trades_Phase_2_PHASE_1_CONNECTIONS.csv,20,,Shared venue,Not a single shared venue,venue,"No exact canonical organization/venue match after normalization, or value is provisional/generic.",,Keep as unknown venue status until a specific venue is confirmed.
REL-0186,medium,phase_2,Bloom_Boys_SK_Postsecondary_Trades_Phase_2_PHASE_1_CONNECTIONS.csv,21,,Phase 1 school or division,Métis and partner schools,phase_1_school_or_division,"No exact canonical organization/venue match after normalization, or value is provisional/generic.",,Split into multiple relationships when the value names more than one organization.
REL-0187,medium,phase_2,Bloom_Boys_SK_Postsecondary_Trades_Phase_2_PHASE_1_CONNECTIONS.csv,21,,Shared venue,Not a single shared venue,venue,"No exact canonical organization/venue match after normalization, or value is provisional/generic.",,Keep as unknown venue status until a specific venue is confirmed.
