Rank,Organization,School,Contact,Title,Contact category,Expected usefulness,Opportunity tier,Opportunity score,Best outreach channel,Email,Phone,Reason to contact,Suggested opening angle,Desired outcome,Backup contact,Source,Date verified
1,TCU Place,Not applicable to this record.,TCU Place Event Sales,Venue Sales and Event Planning,Facilities or venue contact,VERY STRONG,Tier 1,96,Email,inquiries@tcuplace.com,306-975-7777,An outside venue may control commercial placement even when a school supports the idea.,State that school approval will be obtained separately.,"Confirm written vendor, insurance, loading, concession and commission terms.",The school’s graduation organizer,https://tcuplace.com/planners/,2026-06-26
2,TCU Place,Not applicable to this record.,TCU Place Client Services,Client Services,Facilities or venue contact,VERY STRONG,Tier 1,96,Email,clientservices@tcuplace.com,306-975-7799,An outside venue may control commercial placement even when a school supports the idea.,State that school approval will be obtained separately.,"Confirm written vendor, insurance, loading, concession and commission terms.",The school’s graduation organizer,https://tcuplace.com/,2026-06-26
3,Merlis Belsher Place,Not applicable to this record.,Merlis Belsher Place Event Booking,Venue Booking,Facilities or venue contact,VERY STRONG,Tier 1,96,Email,tyano@merlisbelsherplace.ca,306-385-3200,An outside venue may control commercial placement even when a school supports the idea.,State that school approval will be obtained separately.,"Confirm written vendor, insurance, loading, concession and commission terms.",The school’s graduation organizer,https://merlisbelsherplace.ca/bookings-and-rates-at-merlis-belcher-place/,2026-06-26
4,Prairieland Park,Not applicable to this record.,Prairieland Park Event Booking,Events and Sales,Facilities or venue contact,VERY STRONG,Tier 1,96,Email,contactus@prairielandpark.com,306-931-7149,An outside venue may control commercial placement even when a school supports the idea.,State that school approval will be obtained separately.,"Confirm written vendor, insurance, loading, concession and commission terms.",The school’s graduation organizer,https://prairielandpark.com/contact/,2026-06-26
5,Conexus Arts Centre,Not applicable to this record.,Conexus Arts Centre Event Spaces,Venue Sales / Events,Facilities or venue contact,VERY STRONG,Tier 1,96,Email,reception@conexusartscentre.ca,306-565-4500,An outside venue may control commercial placement even when a school supports the idea.,State that school approval will be obtained separately.,"Confirm written vendor, insurance, loading, concession and commission terms.",The school’s graduation organizer,https://conexusartscentre.ca/event-spaces/,2026-06-26
6,Art Hauser Centre,Not applicable to this record.,Art Hauser Centre Facility Booking,Municipal Facility Booking,Facilities or venue contact,VERY STRONG,Tier 1,96,Email,"Not publicly available after checks of the official organization or school website, staff/contact directory, board or event page, and targeted role search; phone or contact-form routing is required.",306-953-4848,An outside venue may control commercial placement even when a school supports the idea.,State that school approval will be obtained separately.,"Confirm written vendor, insurance, loading, concession and commission terms.",The school’s graduation organizer,https://www.citypa.ca/en/parks-recreation-and-culture/art-hauser-centre.aspx,2026-06-26
7,EA Rawlinson Centre,Not applicable to this record.,EA Rawlinson Centre Event Booking,Venue Booking,Facilities or venue contact,VERY STRONG,Tier 1,96,Email,"Not publicly available after checks of the official organization or school website, staff/contact directory, board or event page, and targeted role search; phone or contact-form routing is required.","Not publicly available after checks of the official organization or school website, staff/contact directory, board or event page, and targeted role search; phone or contact-form routing is required.",An outside venue may control commercial placement even when a school supports the idea.,State that school approval will be obtained separately.,"Confirm written vendor, insurance, loading, concession and commission terms.",The school’s graduation organizer,https://www.earc.ca/,2026-06-26
8,Dekker Centre,Not applicable to this record.,Dekker Centre Event Sales,Venue Booking,Facilities or venue contact,VERY STRONG,Tier 1,96,Email,"Not publicly available after checks of the official organization or school website, staff/contact directory, board or event page, and targeted role search; phone or contact-form routing is required.","Not publicly available after checks of the official organization or school website, staff/contact directory, board or event page, and targeted role search; phone or contact-form routing is required.",An outside venue may control commercial placement even when a school supports the idea.,State that school approval will be obtained separately.,"Confirm written vendor, insurance, loading, concession and commission terms.",The school’s graduation organizer,https://dekkercentre.com/,2026-06-26
9,Gallagher Centre,Not applicable to this record.,Gallagher Centre Facility Booking,Municipal Facility Booking,Facilities or venue contact,VERY STRONG,Tier 1,96,Email,"Not publicly available after checks of the official organization or school website, staff/contact directory, board or event page, and targeted role search; phone or contact-form routing is required.","Not publicly available after checks of the official organization or school website, staff/contact directory, board or event page, and targeted role search; phone or contact-form routing is required.",An outside venue may control commercial placement even when a school supports the idea.,State that school approval will be obtained separately.,"Confirm written vendor, insurance, loading, concession and commission terms.",The school’s graduation organizer,https://www.yorkton.ca/en/parks-recreation-and-culture/gallagher-centre.aspx,2026-06-26
10,InnovationPlex,Not applicable to this record.,InnovationPlex Facility Booking,Municipal Facility Booking,Facilities or venue contact,VERY STRONG,Tier 1,96,Email,"Not publicly available after checks of the official organization or school website, staff/contact directory, board or event page, and targeted role search; phone or contact-form routing is required.","Not publicly available after checks of the official organization or school website, staff/contact directory, board or event page, and targeted role search; phone or contact-form routing is required.",An outside venue may control commercial placement even when a school supports the idea.,State that school approval will be obtained separately.,"Confirm written vendor, insurance, loading, concession and commission terms.",The school’s graduation organizer,https://www.swiftcurrent.ca/divisions/community-services/recreation-parks-and-culture/facilities/innovationplex,2026-06-26
11,Kerry Vickar Centre,Not applicable to this record.,Kerry Vickar Centre Facility Booking,Municipal Facility Booking,Facilities or venue contact,VERY STRONG,Tier 1,96,Email,"Not publicly available after checks of the official organization or school website, staff/contact directory, board or event page, and targeted role search; phone or contact-form routing is required.","Not publicly available after checks of the official organization or school website, staff/contact directory, board or event page, and targeted role search; phone or contact-form routing is required.",An outside venue may control commercial placement even when a school supports the idea.,State that school approval will be obtained separately.,"Confirm written vendor, insurance, loading, concession and commission terms.",The school’s graduation organizer,https://www.melfort.ca/p/kerry-vickar-centre,2026-06-26
12,REAL District / Queensbury Convention Centre,Not applicable to this record.,Queensbury Convention Centre Event Sales,Venue Sales,Facilities or venue contact,VERY STRONG,Tier 1,96,Email,"Not publicly available after checks of the official organization or school website, staff/contact directory, board or event page, and targeted role search; phone or contact-form routing is required.","Not publicly available after checks of the official organization or school website, staff/contact directory, board or event page, and targeted role search; phone or contact-form routing is required.",An outside venue may control commercial placement even when a school supports the idea.,State that school approval will be obtained separately.,"Confirm written vendor, insurance, loading, concession and commission terms.",The school’s graduation organizer,https://realdistrict.ca/venues/queensbury-convention-centre/,2026-06-26
13,Aden Bowman Collegiate,Aden Bowman Collegiate,Ryan Brimacombe,Principal,Operational decision-maker,VERY STRONG,Tier 1,88,Email,"Not publicly available after checks of the official organization or school website, staff/contact directory, board or event page, and targeted role search; phone or contact-form routing is required.","Not publicly available after checks of the official organization or school website, staff/contact directory, board or event page, and targeted role search; phone or contact-form routing is required.",The principal is the strongest publicly identified school-level decision-maker when no graduation coordinator is listed.,"Lead with zero cost, zero lift, approved products and community benefit.",Request permission to present the model and identify any division/venue approvals.,School office / vice-principal,https://www.spsd.sk.ca/adenbowman,2026-06-26
14,Bedford Road Collegiate,Bedford Road Collegiate,Sarah Nahachewsky,Principal,Operational decision-maker,VERY STRONG,Tier 1,85,Email,"Not publicly available after checks of the official organization or school website, staff/contact directory, board or event page, and targeted role search; phone or contact-form routing is required.","Not publicly available after checks of the official organization or school website, staff/contact directory, board or event page, and targeted role search; phone or contact-form routing is required.",The principal is the strongest publicly identified school-level decision-maker when no graduation coordinator is listed.,"Lead with zero cost, zero lift, approved products and community benefit.",Request permission to present the model and identify any division/venue approvals.,School office / vice-principal,https://www.spsd.sk.ca/bedfordroad,2026-06-26
15,Centennial Collegiate,Centennial Collegiate,Wendy Benson,Principal,Operational decision-maker,VERY STRONG,Tier 1,92,Email,"Not publicly available after checks of the official organization or school website, staff/contact directory, board or event page, and targeted role search; phone or contact-form routing is required.","Not publicly available after checks of the official organization or school website, staff/contact directory, board or event page, and targeted role search; phone or contact-form routing is required.",The principal is the strongest publicly identified school-level decision-maker when no graduation coordinator is listed.,"Lead with zero cost, zero lift, approved products and community benefit.",Request permission to present the model and identify any division/venue approvals.,School office / vice-principal,https://www.spsd.sk.ca/centennial,2026-06-26
16,Evan Hardy Collegiate,Evan Hardy Collegiate,Karen Peterson,Principal,Operational decision-maker,VERY STRONG,Tier 1,91,Email,"Not publicly available after checks of the official organization or school website, staff/contact directory, board or event page, and targeted role search; phone or contact-form routing is required.",306-683-7700,The principal is the strongest publicly identified school-level decision-maker when no graduation coordinator is listed.,"Lead with zero cost, zero lift, approved products and community benefit.",Request permission to present the model and identify any division/venue approvals.,School office / vice-principal,https://www.spsd.sk.ca/evanhardy,2026-06-26
17,Marion M. Graham Collegiate,Marion M. Graham Collegiate,Jay Harvey,Principal,Operational decision-maker,VERY STRONG,Tier 1,91,Email,"Not publicly available after checks of the official organization or school website, staff/contact directory, board or event page, and targeted role search; phone or contact-form routing is required.",306-683-7750,The principal is the strongest publicly identified school-level decision-maker when no graduation coordinator is listed.,"Lead with zero cost, zero lift, approved products and community benefit.",Request permission to present the model and identify any division/venue approvals.,School office / vice-principal,https://www.spsd.sk.ca/marionmgraham,2026-06-26
18,Mount Royal Collegiate,Mount Royal Collegiate,Scott Ferguson,Principal,Operational decision-maker,VERY STRONG,Tier 1,86,Email,"Not publicly available after checks of the official organization or school website, staff/contact directory, board or event page, and targeted role search; phone or contact-form routing is required.","Not publicly available after checks of the official organization or school website, staff/contact directory, board or event page, and targeted role search; phone or contact-form routing is required.",The principal is the strongest publicly identified school-level decision-maker when no graduation coordinator is listed.,"Lead with zero cost, zero lift, approved products and community benefit.",Request permission to present the model and identify any division/venue approvals.,School office / vice-principal,https://www.spsd.sk.ca/mountroyal,2026-06-26
19,Tommy Douglas Collegiate,Tommy Douglas Collegiate,Kevin McNarland,Principal,Operational decision-maker,VERY STRONG,Tier 1,93,Email,"Not publicly available after checks of the official organization or school website, staff/contact directory, board or event page, and targeted role search; phone or contact-form routing is required.","Not publicly available after checks of the official organization or school website, staff/contact directory, board or event page, and targeted role search; phone or contact-form routing is required.",The principal is the strongest publicly identified school-level decision-maker when no graduation coordinator is listed.,"Lead with zero cost, zero lift, approved products and community benefit.",Request permission to present the model and identify any division/venue approvals.,School office / vice-principal,https://www.spsd.sk.ca/tommydouglas,2026-06-26
20,Walter Murray Collegiate,Walter Murray Collegiate,Dave Fisher,Principal,Operational decision-maker,VERY STRONG,Tier 1,94,Email,"Not publicly available after checks of the official organization or school website, staff/contact directory, board or event page, and targeted role search; phone or contact-form routing is required.","Not publicly available after checks of the official organization or school website, staff/contact directory, board or event page, and targeted role search; phone or contact-form routing is required.",The principal is the strongest publicly identified school-level decision-maker when no graduation coordinator is listed.,"Lead with zero cost, zero lift, approved products and community benefit.",Request permission to present the model and identify any division/venue approvals.,School office / vice-principal,https://www.spsd.sk.ca/waltermurray,2026-06-26
21,Bishop James Mahoney High School,Bishop James Mahoney High School,Cheryl Fenrich,Principal,Operational decision-maker,VERY STRONG,Tier 1,89,Email,"Not publicly available after checks of the official organization or school website, staff/contact directory, board or event page, and targeted role search; phone or contact-form routing is required.","Not publicly available after checks of the official organization or school website, staff/contact directory, board or event page, and targeted role search; phone or contact-form routing is required.",The principal is the strongest publicly identified school-level decision-maker when no graduation coordinator is listed.,"Lead with zero cost, zero lift, approved products and community benefit.",Request permission to present the model and identify any division/venue approvals.,School office / vice-principal,https://www.gscs.ca/bjm,2026-06-26
22,Holy Cross High School,Holy Cross High School,Krista Hayes,Principal,Operational decision-maker,VERY STRONG,Tier 1,93,Email,"Not publicly available after checks of the official organization or school website, staff/contact directory, board or event page, and targeted role search; phone or contact-form routing is required.","Not publicly available after checks of the official organization or school website, staff/contact directory, board or event page, and targeted role search; phone or contact-form routing is required.",The principal is the strongest publicly identified school-level decision-maker when no graduation coordinator is listed.,"Lead with zero cost, zero lift, approved products and community benefit.",Request permission to present the model and identify any division/venue approvals.,School office / vice-principal,https://www.gscs.ca/hch,2026-06-26
23,St. Joseph High School,St. Joseph High School,Jason Benson,Principal,Operational decision-maker,VERY STRONG,Tier 1,94,Email,"Not publicly available after checks of the official organization or school website, staff/contact directory, board or event page, and targeted role search; phone or contact-form routing is required.","Not publicly available after checks of the official organization or school website, staff/contact directory, board or event page, and targeted role search; phone or contact-form routing is required.",The principal is the strongest publicly identified school-level decision-maker when no graduation coordinator is listed.,"Lead with zero cost, zero lift, approved products and community benefit.",Request permission to present the model and identify any division/venue approvals.,School office / vice-principal,https://www.gscs.ca/jos,2026-06-26
24,Aden Bowman Collegiate,Aden Bowman Collegiate,Chris Roy; Tobi Tamblyn,Vice-principal,Operational decision-maker,STRONG,Tier 1,88,Email,"Not publicly available after checks of the official organization or school website, staff/contact directory, board or event page, and targeted role search; phone or contact-form routing is required.","Not publicly available after checks of the official organization or school website, staff/contact directory, board or event page, and targeted role search; phone or contact-form routing is required.",Vice-principals often oversee student events and can identify the graduation committee.,Ask whether graduation is in the vice-principal’s portfolio.,Confirm organizer and approval sequence.,Principal / school office,https://www.spsd.sk.ca/adenbowman,2026-06-26
25,Bedford Road Collegiate,Bedford Road Collegiate,Jason Wagar,Vice-principal,Operational decision-maker,STRONG,Tier 1,85,Email,"Not publicly available after checks of the official organization or school website, staff/contact directory, board or event page, and targeted role search; phone or contact-form routing is required.","Not publicly available after checks of the official organization or school website, staff/contact directory, board or event page, and targeted role search; phone or contact-form routing is required.",Vice-principals often oversee student events and can identify the graduation committee.,Ask whether graduation is in the vice-principal’s portfolio.,Confirm organizer and approval sequence.,Principal / school office,https://www.spsd.sk.ca/bedfordroad,2026-06-26
26,Centennial Collegiate,Centennial Collegiate,Aaron Adair; Sharlene Cooper,Vice-principal,Operational decision-maker,STRONG,Tier 1,92,Email,"Not publicly available after checks of the official organization or school website, staff/contact directory, board or event page, and targeted role search; phone or contact-form routing is required.","Not publicly available after checks of the official organization or school website, staff/contact directory, board or event page, and targeted role search; phone or contact-form routing is required.",Vice-principals often oversee student events and can identify the graduation committee.,Ask whether graduation is in the vice-principal’s portfolio.,Confirm organizer and approval sequence.,Principal / school office,https://www.spsd.sk.ca/centennial,2026-06-26
27,Evan Hardy Collegiate,Evan Hardy Collegiate,Tommy Williams,Vice-principal,Operational decision-maker,STRONG,Tier 1,91,Email,"Not publicly available after checks of the official organization or school website, staff/contact directory, board or event page, and targeted role search; phone or contact-form routing is required.",306-683-7700,Vice-principals often oversee student events and can identify the graduation committee.,Ask whether graduation is in the vice-principal’s portfolio.,Confirm organizer and approval sequence.,Principal / school office,https://www.spsd.sk.ca/evanhardy,2026-06-26
28,Marion M. Graham Collegiate,Marion M. Graham Collegiate,Jillian Harbidge,Vice-principal,Operational decision-maker,STRONG,Tier 1,91,Email,"Not publicly available after checks of the official organization or school website, staff/contact directory, board or event page, and targeted role search; phone or contact-form routing is required.",306-683-7750,Vice-principals often oversee student events and can identify the graduation committee.,Ask whether graduation is in the vice-principal’s portfolio.,Confirm organizer and approval sequence.,Principal / school office,https://www.spsd.sk.ca/marionmgraham,2026-06-26
29,Mount Royal Collegiate,Mount Royal Collegiate,Kate Clements,Vice-principal,Operational decision-maker,STRONG,Tier 1,86,Email,"Not publicly available after checks of the official organization or school website, staff/contact directory, board or event page, and targeted role search; phone or contact-form routing is required.","Not publicly available after checks of the official organization or school website, staff/contact directory, board or event page, and targeted role search; phone or contact-form routing is required.",Vice-principals often oversee student events and can identify the graduation committee.,Ask whether graduation is in the vice-principal’s portfolio.,Confirm organizer and approval sequence.,Principal / school office,https://www.spsd.sk.ca/mountroyal,2026-06-26
30,Tommy Douglas Collegiate,Tommy Douglas Collegiate,Tammy Chief; Sean Hayes,Vice-principal,Operational decision-maker,STRONG,Tier 1,93,Email,"Not publicly available after checks of the official organization or school website, staff/contact directory, board or event page, and targeted role search; phone or contact-form routing is required.","Not publicly available after checks of the official organization or school website, staff/contact directory, board or event page, and targeted role search; phone or contact-form routing is required.",Vice-principals often oversee student events and can identify the graduation committee.,Ask whether graduation is in the vice-principal’s portfolio.,Confirm organizer and approval sequence.,Principal / school office,https://www.spsd.sk.ca/tommydouglas,2026-06-26
31,Walter Murray Collegiate,Walter Murray Collegiate,"Jonathan McKee, acting; Zoe Pasloski; Shauna Pierce",Vice-principal,Operational decision-maker,STRONG,Tier 1,94,Email,"Not publicly available after checks of the official organization or school website, staff/contact directory, board or event page, and targeted role search; phone or contact-form routing is required.","Not publicly available after checks of the official organization or school website, staff/contact directory, board or event page, and targeted role search; phone or contact-form routing is required.",Vice-principals often oversee student events and can identify the graduation committee.,Ask whether graduation is in the vice-principal’s portfolio.,Confirm organizer and approval sequence.,Principal / school office,https://www.spsd.sk.ca/waltermurray,2026-06-26
32,Bethlehem Catholic High School,Bethlehem Catholic High School,David Buttinger,Vice-principal,Operational decision-maker,STRONG,Tier 1,91,Email,"Not publicly available after checks of the official organization or school website, staff/contact directory, board or event page, and targeted role search; phone or contact-form routing is required.","Not publicly available after checks of the official organization or school website, staff/contact directory, board or event page, and targeted role search; phone or contact-form routing is required.",Vice-principals often oversee student events and can identify the graduation committee.,Ask whether graduation is in the vice-principal’s portfolio.,Confirm organizer and approval sequence.,Principal / school office,https://www.gscs.ca/bet,2026-06-26
33,Aden Bowman Collegiate,Aden Bowman Collegiate,Aden Bowman Collegiate School Office,School administrative office / graduation routing contact,Routing contact,VERY STRONG,Tier 1,88,Email,"Not publicly available after checks of the official organization or school website, staff/contact directory, board or event page, and targeted role search; phone or contact-form routing is required.","Not publicly available after checks of the official organization or school website, staff/contact directory, board or event page, and targeted role search; phone or contact-form routing is required.","The school office can identify the graduation lead, principal availability and committee contact.",Ask one precise question and mention the next graduation cycle.,Identify the current graduation coordinator and book a principal conversation.,Principal or vice-principal,https://www.spsd.sk.ca/adenbowman,2026-06-26
34,Bedford Road Collegiate,Bedford Road Collegiate,Bedford Road Collegiate School Office,School administrative office / graduation routing contact,Routing contact,VERY STRONG,Tier 1,85,Email,"Not publicly available after checks of the official organization or school website, staff/contact directory, board or event page, and targeted role search; phone or contact-form routing is required.","Not publicly available after checks of the official organization or school website, staff/contact directory, board or event page, and targeted role search; phone or contact-form routing is required.","The school office can identify the graduation lead, principal availability and committee contact.",Ask one precise question and mention the next graduation cycle.,Identify the current graduation coordinator and book a principal conversation.,Principal or vice-principal,https://www.spsd.sk.ca/bedfordroad,2026-06-26
35,Centennial Collegiate,Centennial Collegiate,Centennial Collegiate School Office,School administrative office / graduation routing contact,Routing contact,VERY STRONG,Tier 1,92,Email,"Not publicly available after checks of the official organization or school website, staff/contact directory, board or event page, and targeted role search; phone or contact-form routing is required.","Not publicly available after checks of the official organization or school website, staff/contact directory, board or event page, and targeted role search; phone or contact-form routing is required.","The school office can identify the graduation lead, principal availability and committee contact.",Ask one precise question and mention the next graduation cycle.,Identify the current graduation coordinator and book a principal conversation.,Principal or vice-principal,https://www.spsd.sk.ca/centennial,2026-06-26
36,Evan Hardy Collegiate,Evan Hardy Collegiate,Evan Hardy Collegiate School Office,School administrative office / graduation routing contact,Routing contact,VERY STRONG,Tier 1,91,Email,EvanHardySchool@spsd.sk.ca,306-683-7700,"The school office can identify the graduation lead, principal availability and committee contact.",Ask one precise question and mention the next graduation cycle.,Identify the current graduation coordinator and book a principal conversation.,Principal or vice-principal,https://www.spsd.sk.ca/evanhardy,2026-06-26
37,Marion M. Graham Collegiate,Marion M. Graham Collegiate,Marion M. Graham Collegiate School Office,School administrative office / graduation routing contact,Routing contact,VERY STRONG,Tier 1,91,Email,MarionM.GrahamSchool@spsd.sk.ca,306-683-7750,"The school office can identify the graduation lead, principal availability and committee contact.",Ask one precise question and mention the next graduation cycle.,Identify the current graduation coordinator and book a principal conversation.,Principal or vice-principal,https://www.spsd.sk.ca/marionmgraham,2026-06-26
38,Mount Royal Collegiate,Mount Royal Collegiate,Mount Royal Collegiate School Office,School administrative office / graduation routing contact,Routing contact,VERY STRONG,Tier 1,86,Email,"Not publicly available after checks of the official organization or school website, staff/contact directory, board or event page, and targeted role search; phone or contact-form routing is required.","Not publicly available after checks of the official organization or school website, staff/contact directory, board or event page, and targeted role search; phone or contact-form routing is required.","The school office can identify the graduation lead, principal availability and committee contact.",Ask one precise question and mention the next graduation cycle.,Identify the current graduation coordinator and book a principal conversation.,Principal or vice-principal,https://www.spsd.sk.ca/mountroyal,2026-06-26
39,Tommy Douglas Collegiate,Tommy Douglas Collegiate,Tommy Douglas Collegiate School Office,School administrative office / graduation routing contact,Routing contact,VERY STRONG,Tier 1,93,Email,"Not publicly available after checks of the official organization or school website, staff/contact directory, board or event page, and targeted role search; phone or contact-form routing is required.","Not publicly available after checks of the official organization or school website, staff/contact directory, board or event page, and targeted role search; phone or contact-form routing is required.","The school office can identify the graduation lead, principal availability and committee contact.",Ask one precise question and mention the next graduation cycle.,Identify the current graduation coordinator and book a principal conversation.,Principal or vice-principal,https://www.spsd.sk.ca/tommydouglas,2026-06-26
40,Walter Murray Collegiate,Walter Murray Collegiate,Walter Murray Collegiate School Office,School administrative office / graduation routing contact,Routing contact,VERY STRONG,Tier 1,94,Email,"Not publicly available after checks of the official organization or school website, staff/contact directory, board or event page, and targeted role search; phone or contact-form routing is required.","Not publicly available after checks of the official organization or school website, staff/contact directory, board or event page, and targeted role search; phone or contact-form routing is required.","The school office can identify the graduation lead, principal availability and committee contact.",Ask one precise question and mention the next graduation cycle.,Identify the current graduation coordinator and book a principal conversation.,Principal or vice-principal,https://www.spsd.sk.ca/waltermurray,2026-06-26
41,Bethlehem Catholic High School,Bethlehem Catholic High School,Bethlehem Catholic High School School Office,School administrative office / graduation routing contact,Routing contact,VERY STRONG,Tier 1,91,Email,"Not publicly available after checks of the official organization or school website, staff/contact directory, board or event page, and targeted role search; phone or contact-form routing is required.","Not publicly available after checks of the official organization or school website, staff/contact directory, board or event page, and targeted role search; phone or contact-form routing is required.","The school office can identify the graduation lead, principal availability and committee contact.",Ask one precise question and mention the next graduation cycle.,Identify the current graduation coordinator and book a principal conversation.,Principal or vice-principal,https://www.gscs.ca/bet,2026-06-26
42,Bishop James Mahoney High School,Bishop James Mahoney High School,Bishop James Mahoney High School School Office,School administrative office / graduation routing contact,Routing contact,VERY STRONG,Tier 1,89,Email,"Not publicly available after checks of the official organization or school website, staff/contact directory, board or event page, and targeted role search; phone or contact-form routing is required.","Not publicly available after checks of the official organization or school website, staff/contact directory, board or event page, and targeted role search; phone or contact-form routing is required.","The school office can identify the graduation lead, principal availability and committee contact.",Ask one precise question and mention the next graduation cycle.,Identify the current graduation coordinator and book a principal conversation.,Principal or vice-principal,https://www.gscs.ca/bjm,2026-06-26
43,E.D. Feehan Catholic High School,E.D. Feehan Catholic High School,E.D. Feehan Catholic High School School Office,School administrative office / graduation routing contact,Routing contact,VERY STRONG,Tier 1,84,Email,"Not publicly available after checks of the official organization or school website, staff/contact directory, board or event page, and targeted role search; phone or contact-form routing is required.","Not publicly available after checks of the official organization or school website, staff/contact directory, board or event page, and targeted role search; phone or contact-form routing is required.","The school office can identify the graduation lead, principal availability and committee contact.",Ask one precise question and mention the next graduation cycle.,Identify the current graduation coordinator and book a principal conversation.,Principal or vice-principal,https://www.gscs.ca/edf,2026-06-26
44,Holy Cross High School,Holy Cross High School,Holy Cross High School School Office,School administrative office / graduation routing contact,Routing contact,VERY STRONG,Tier 1,93,Email,"Not publicly available after checks of the official organization or school website, staff/contact directory, board or event page, and targeted role search; phone or contact-form routing is required.","Not publicly available after checks of the official organization or school website, staff/contact directory, board or event page, and targeted role search; phone or contact-form routing is required.","The school office can identify the graduation lead, principal availability and committee contact.",Ask one precise question and mention the next graduation cycle.,Identify the current graduation coordinator and book a principal conversation.,Principal or vice-principal,https://www.gscs.ca/hch,2026-06-26
45,Oskāyak High School,Oskāyak High School,Oskāyak High School School Office,School administrative office / graduation routing contact,Routing contact,VERY STRONG,Tier 1,86,Email,"Not publicly available after checks of the official organization or school website, staff/contact directory, board or event page, and targeted role search; phone or contact-form routing is required.","Not publicly available after checks of the official organization or school website, staff/contact directory, board or event page, and targeted role search; phone or contact-form routing is required.","The school office can identify the graduation lead, principal availability and committee contact.",Ask one precise question and mention the next graduation cycle.,Identify the current graduation coordinator and book a principal conversation.,Principal or vice-principal,https://www.gscs.ca/osk,2026-06-26
46,St. Joseph High School,St. Joseph High School,St. Joseph High School School Office,School administrative office / graduation routing contact,Routing contact,VERY STRONG,Tier 1,94,Email,St.Joseph@gscs.ca,"Not publicly available after checks of the official organization or school website, staff/contact directory, board or event page, and targeted role search; phone or contact-form routing is required.","The school office can identify the graduation lead, principal availability and committee contact.",Ask one precise question and mention the next graduation cycle.,Identify the current graduation coordinator and book a principal conversation.,Principal or vice-principal,https://www.gscs.ca/jos,2026-06-26
47,Balfour Collegiate,Balfour Collegiate,Balfour Collegiate School Office,School administrative office / graduation routing contact,Routing contact,VERY STRONG,Tier 1,86,Email,"Not publicly available after checks of the official organization or school website, staff/contact directory, board or event page, and targeted role search; phone or contact-form routing is required.","Not publicly available after checks of the official organization or school website, staff/contact directory, board or event page, and targeted role search; phone or contact-form routing is required.","The school office can identify the graduation lead, principal availability and committee contact.",Ask one precise question and mention the next graduation cycle.,Identify the current graduation coordinator and book a principal conversation.,Principal or vice-principal,https://www.reginapublicschools.ca/high-schools,2026-06-26
48,Campbell Collegiate,Campbell Collegiate,Campbell Collegiate School Office,School administrative office / graduation routing contact,Routing contact,VERY STRONG,Tier 1,93,Email,"Not publicly available after checks of the official organization or school website, staff/contact directory, board or event page, and targeted role search; phone or contact-form routing is required.","Not publicly available after checks of the official organization or school website, staff/contact directory, board or event page, and targeted role search; phone or contact-form routing is required.","The school office can identify the graduation lead, principal availability and committee contact.",Ask one precise question and mention the next graduation cycle.,Identify the current graduation coordinator and book a principal conversation.,Principal or vice-principal,https://www.reginapublicschools.ca/high-schools,2026-06-26
49,F.W. Johnson Collegiate,F.W. Johnson Collegiate,F.W. Johnson Collegiate School Office,School administrative office / graduation routing contact,Routing contact,VERY STRONG,Tier 1,89,Email,"Not publicly available after checks of the official organization or school website, staff/contact directory, board or event page, and targeted role search; phone or contact-form routing is required.","Not publicly available after checks of the official organization or school website, staff/contact directory, board or event page, and targeted role search; phone or contact-form routing is required.","The school office can identify the graduation lead, principal availability and committee contact.",Ask one precise question and mention the next graduation cycle.,Identify the current graduation coordinator and book a principal conversation.,Principal or vice-principal,https://www.reginapublicschools.ca/high-schools,2026-06-26
50,Sheldon-Williams Collegiate,Sheldon-Williams Collegiate,Sheldon-Williams Collegiate School Office,School administrative office / graduation routing contact,Routing contact,VERY STRONG,Tier 1,90,Email,"Not publicly available after checks of the official organization or school website, staff/contact directory, board or event page, and targeted role search; phone or contact-form routing is required.","Not publicly available after checks of the official organization or school website, staff/contact directory, board or event page, and targeted role search; phone or contact-form routing is required.","The school office can identify the graduation lead, principal availability and committee contact.",Ask one precise question and mention the next graduation cycle.,Identify the current graduation coordinator and book a principal conversation.,Principal or vice-principal,https://www.reginapublicschools.ca/high-schools,2026-06-26
51,Thom Collegiate,Thom Collegiate,Thom Collegiate School Office,School administrative office / graduation routing contact,Routing contact,VERY STRONG,Tier 1,85,Email,"Not publicly available after checks of the official organization or school website, staff/contact directory, board or event page, and targeted role search; phone or contact-form routing is required.","Not publicly available after checks of the official organization or school website, staff/contact directory, board or event page, and targeted role search; phone or contact-form routing is required.","The school office can identify the graduation lead, principal availability and committee contact.",Ask one precise question and mention the next graduation cycle.,Identify the current graduation coordinator and book a principal conversation.,Principal or vice-principal,https://www.reginapublicschools.ca/high-schools,2026-06-26
52,Winston Knoll Collegiate,Winston Knoll Collegiate,Winston Knoll Collegiate School Office,School administrative office / graduation routing contact,Routing contact,VERY STRONG,Tier 1,92,Email,"Not publicly available after checks of the official organization or school website, staff/contact directory, board or event page, and targeted role search; phone or contact-form routing is required.","Not publicly available after checks of the official organization or school website, staff/contact directory, board or event page, and targeted role search; phone or contact-form routing is required.","The school office can identify the graduation lead, principal availability and committee contact.",Ask one precise question and mention the next graduation cycle.,Identify the current graduation coordinator and book a principal conversation.,Principal or vice-principal,https://www.reginapublicschools.ca/high-schools,2026-06-26
53,Archbishop M.C. O’Neill Catholic High School,Archbishop M.C. O’Neill Catholic High School,Archbishop M.C. O’Neill Catholic High School School Office,School administrative office / graduation routing contact,Routing contact,VERY STRONG,Tier 1,90,Email,"Not publicly available after checks of the official organization or school website, staff/contact directory, board or event page, and targeted role search; phone or contact-form routing is required.","Not publicly available after checks of the official organization or school website, staff/contact directory, board or event page, and targeted role search; phone or contact-form routing is required.","The school office can identify the graduation lead, principal availability and committee contact.",Ask one precise question and mention the next graduation cycle.,Identify the current graduation coordinator and book a principal conversation.,Principal or vice-principal,https://www.rcsd.ca/schools,2026-06-26
54,Dr. Martin LeBoldus Catholic High School,Dr. Martin LeBoldus Catholic High School,Dr. Martin LeBoldus Catholic High School School Office,School administrative office / graduation routing contact,Routing contact,VERY STRONG,Tier 1,92,Email,"Not publicly available after checks of the official organization or school website, staff/contact directory, board or event page, and targeted role search; phone or contact-form routing is required.","Not publicly available after checks of the official organization or school website, staff/contact directory, board or event page, and targeted role search; phone or contact-form routing is required.","The school office can identify the graduation lead, principal availability and committee contact.",Ask one precise question and mention the next graduation cycle.,Identify the current graduation coordinator and book a principal conversation.,Principal or vice-principal,https://www.rcsd.ca/schools,2026-06-26
55,Michael A. Riffel Catholic High School,Michael A. Riffel Catholic High School,Michael A. Riffel Catholic High School School Office,School administrative office / graduation routing contact,Routing contact,VERY STRONG,Tier 1,92,Email,"Not publicly available after checks of the official organization or school website, staff/contact directory, board or event page, and targeted role search; phone or contact-form routing is required.","Not publicly available after checks of the official organization or school website, staff/contact directory, board or event page, and targeted role search; phone or contact-form routing is required.","The school office can identify the graduation lead, principal availability and committee contact.",Ask one precise question and mention the next graduation cycle.,Identify the current graduation coordinator and book a principal conversation.,Principal or vice-principal,https://www.rcsd.ca/schools,2026-06-26
56,Miller Comprehensive Catholic High School,Miller Comprehensive Catholic High School,Miller Comprehensive Catholic High School School Office,School administrative office / graduation routing contact,Routing contact,VERY STRONG,Tier 1,92,Email,"Not publicly available after checks of the official organization or school website, staff/contact directory, board or event page, and targeted role search; phone or contact-form routing is required.","Not publicly available after checks of the official organization or school website, staff/contact directory, board or event page, and targeted role search; phone or contact-form routing is required.","The school office can identify the graduation lead, principal availability and committee contact.",Ask one precise question and mention the next graduation cycle.,Identify the current graduation coordinator and book a principal conversation.,Principal or vice-principal,https://www.rcsd.ca/schools,2026-06-26
57,Carlton Comprehensive High School,Carlton Comprehensive High School,Carlton Comprehensive High School School Office,School administrative office / graduation routing contact,Routing contact,VERY STRONG,Tier 1,90,Email,"Not publicly available after checks of the official organization or school website, staff/contact directory, board or event page, and targeted role search; phone or contact-form routing is required.","Not publicly available after checks of the official organization or school website, staff/contact directory, board or event page, and targeted role search; phone or contact-form routing is required.","The school office can identify the graduation lead, principal availability and committee contact.",Ask one precise question and mention the next graduation cycle.,Identify the current graduation coordinator and book a principal conversation.,Principal or vice-principal,https://www.srsd119.ca/schools,2026-06-26
58,St. Mary High School,St. Mary High School,St. Mary High School School Office,School administrative office / graduation routing contact,Routing contact,VERY STRONG,Tier 1,87,Email,"Not publicly available after checks of the official organization or school website, staff/contact directory, board or event page, and targeted role search; phone or contact-form routing is required.","Not publicly available after checks of the official organization or school website, staff/contact directory, board or event page, and targeted role search; phone or contact-form routing is required.","The school office can identify the graduation lead, principal availability and committee contact.",Ask one precise question and mention the next graduation cycle.,Identify the current graduation coordinator and book a principal conversation.,Principal or vice-principal,https://www.pacsd.ca/smhs,2026-06-26
59,A.E. Peacock Collegiate,A.E. Peacock Collegiate,A.E. Peacock Collegiate School Office,School administrative office / graduation routing contact,Routing contact,VERY STRONG,Tier 1,84,Email,"Not publicly available after checks of the official organization or school website, staff/contact directory, board or event page, and targeted role search; phone or contact-form routing is required.","Not publicly available after checks of the official organization or school website, staff/contact directory, board or event page, and targeted role search; phone or contact-form routing is required.","The school office can identify the graduation lead, principal availability and committee contact.",Ask one precise question and mention the next graduation cycle.,Identify the current graduation coordinator and book a principal conversation.,Principal or vice-principal,https://www.prairiesouth.ca/,2026-06-26
60,North Battleford Comprehensive High School,North Battleford Comprehensive High School,North Battleford Comprehensive High School School Office,School administrative office / graduation routing contact,Routing contact,VERY STRONG,Tier 1,86,Email,"Not publicly available after checks of the official organization or school website, staff/contact directory, board or event page, and targeted role search; phone or contact-form routing is required.","Not publicly available after checks of the official organization or school website, staff/contact directory, board or event page, and targeted role search; phone or contact-form routing is required.","The school office can identify the graduation lead, principal availability and committee contact.",Ask one precise question and mention the next graduation cycle.,Identify the current graduation coordinator and book a principal conversation.,Principal or vice-principal,https://www.livingskysd.ca/,2026-06-26
61,Yorkton Regional High School,Yorkton Regional High School,Yorkton Regional High School School Office,School administrative office / graduation routing contact,Routing contact,VERY STRONG,Tier 1,88,Email,"Not publicly available after checks of the official organization or school website, staff/contact directory, board or event page, and targeted role search; phone or contact-form routing is required.","Not publicly available after checks of the official organization or school website, staff/contact directory, board or event page, and targeted role search; phone or contact-form routing is required.","The school office can identify the graduation lead, principal availability and committee contact.",Ask one precise question and mention the next graduation cycle.,Identify the current graduation coordinator and book a principal conversation.,Principal or vice-principal,https://www.gssd.ca/,2026-06-26
62,Sacred Heart High School,Sacred Heart High School,Sacred Heart High School School Office,School administrative office / graduation routing contact,Routing contact,VERY STRONG,Tier 1,84,Email,"Not publicly available after checks of the official organization or school website, staff/contact directory, board or event page, and targeted role search; phone or contact-form routing is required.","Not publicly available after checks of the official organization or school website, staff/contact directory, board or event page, and targeted role search; phone or contact-form routing is required.","The school office can identify the graduation lead, principal availability and committee contact.",Ask one precise question and mention the next graduation cycle.,Identify the current graduation coordinator and book a principal conversation.,Principal or vice-principal,https://www.christtheteacher.ca/,2026-06-26
63,Swift Current Comprehensive High School,Swift Current Comprehensive High School,Swift Current Comprehensive High School School Office,School administrative office / graduation routing contact,Routing contact,VERY STRONG,Tier 1,88,Email,"Not publicly available after checks of the official organization or school website, staff/contact directory, board or event page, and targeted role search; phone or contact-form routing is required.","Not publicly available after checks of the official organization or school website, staff/contact directory, board or event page, and targeted role search; phone or contact-form routing is required.","The school office can identify the graduation lead, principal availability and committee contact.",Ask one precise question and mention the next graduation cycle.,Identify the current graduation coordinator and book a principal conversation.,Principal or vice-principal,https://www.chinooksd.ca/,2026-06-26
64,Lloydminster Comprehensive High School,Lloydminster Comprehensive High School,Lloydminster Comprehensive High School School Office,School administrative office / graduation routing contact,Routing contact,VERY STRONG,Tier 1,88,Email,"Not publicly available after checks of the official organization or school website, staff/contact directory, board or event page, and targeted role search; phone or contact-form routing is required.","Not publicly available after checks of the official organization or school website, staff/contact directory, board or event page, and targeted role search; phone or contact-form routing is required.","The school office can identify the graduation lead, principal availability and committee contact.",Ask one precise question and mention the next graduation cycle.,Identify the current graduation coordinator and book a principal conversation.,Principal or vice-principal,https://www.lpsd.ca/schools,2026-06-26
65,Holy Rosary High School,Holy Rosary High School,Holy Rosary High School School Office,School administrative office / graduation routing contact,Routing contact,VERY STRONG,Tier 1,85,Email,"Not publicly available after checks of the official organization or school website, staff/contact directory, board or event page, and targeted role search; phone or contact-form routing is required.","Not publicly available after checks of the official organization or school website, staff/contact directory, board or event page, and targeted role search; phone or contact-form routing is required.","The school office can identify the graduation lead, principal availability and committee contact.",Ask one precise question and mention the next graduation cycle.,Identify the current graduation coordinator and book a principal conversation.,Principal or vice-principal,https://www.lcsd.ca/schools,2026-06-26
66,Warman High School,Warman High School,Warman High School School Office,School administrative office / graduation routing contact,Routing contact,VERY STRONG,Tier 1,88,Email,"Not publicly available after checks of the official organization or school website, staff/contact directory, board or event page, and targeted role search; phone or contact-form routing is required.","Not publicly available after checks of the official organization or school website, staff/contact directory, board or event page, and targeted role search; phone or contact-form routing is required.","The school office can identify the graduation lead, principal availability and committee contact.",Ask one precise question and mention the next graduation cycle.,Identify the current graduation coordinator and book a principal conversation.,Principal or vice-principal,https://www.spiritsd.ca/,2026-06-26
67,Martensville High School,Martensville High School,Martensville High School School Office,School administrative office / graduation routing contact,Routing contact,VERY STRONG,Tier 1,86,Email,"Not publicly available after checks of the official organization or school website, staff/contact directory, board or event page, and targeted role search; phone or contact-form routing is required.","Not publicly available after checks of the official organization or school website, staff/contact directory, board or event page, and targeted role search; phone or contact-form routing is required.","The school office can identify the graduation lead, principal availability and committee contact.",Ask one precise question and mention the next graduation cycle.,Identify the current graduation coordinator and book a principal conversation.,Principal or vice-principal,https://www.spiritsd.ca/,2026-06-26
68,Melfort and Unit Comprehensive Collegiate,Melfort and Unit Comprehensive Collegiate,Melfort and Unit Comprehensive Collegiate School Office,School administrative office / graduation routing contact,Routing contact,VERY STRONG,Tier 1,82,Email,"Not publicly available after checks of the official organization or school website, staff/contact directory, board or event page, and targeted role search; phone or contact-form routing is required.","Not publicly available after checks of the official organization or school website, staff/contact directory, board or event page, and targeted role search; phone or contact-form routing is required.","The school office can identify the graduation lead, principal availability and committee contact.",Ask one precise question and mention the next graduation cycle.,Identify the current graduation coordinator and book a principal conversation.,Principal or vice-principal,https://www.nesd.ca/,2026-06-26
69,Weyburn Comprehensive School,Weyburn Comprehensive School,Weyburn Comprehensive School School Office,School administrative office / graduation routing contact,Routing contact,VERY STRONG,Tier 1,84,Email,"Not publicly available after checks of the official organization or school website, staff/contact directory, board or event page, and targeted role search; phone or contact-form routing is required.","Not publicly available after checks of the official organization or school website, staff/contact directory, board or event page, and targeted role search; phone or contact-form routing is required.","The school office can identify the graduation lead, principal availability and committee contact.",Ask one precise question and mention the next graduation cycle.,Identify the current graduation coordinator and book a principal conversation.,Principal or vice-principal,https://www.secpsd.ca/,2026-06-26
70,Estevan Comprehensive School,Estevan Comprehensive School,Estevan Comprehensive School School Office,School administrative office / graduation routing contact,Routing contact,VERY STRONG,Tier 1,84,Email,"Not publicly available after checks of the official organization or school website, staff/contact directory, board or event page, and targeted role search; phone or contact-form routing is required.","Not publicly available after checks of the official organization or school website, staff/contact directory, board or event page, and targeted role search; phone or contact-form routing is required.","The school office can identify the graduation lead, principal availability and committee contact.",Ask one precise question and mention the next graduation cycle.,Identify the current graduation coordinator and book a principal conversation.,Principal or vice-principal,https://www.secpsd.ca/,2026-06-26
71,Greenall High School,Greenall High School,Greenall High School School Office,School administrative office / graduation routing contact,Routing contact,VERY STRONG,Tier 1,84,Email,"Not publicly available after checks of the official organization or school website, staff/contact directory, board or event page, and targeted role search; phone or contact-form routing is required.","Not publicly available after checks of the official organization or school website, staff/contact directory, board or event page, and targeted role search; phone or contact-form routing is required.","The school office can identify the graduation lead, principal availability and committee contact.",Ask one precise question and mention the next graduation cycle.,Identify the current graduation coordinator and book a principal conversation.,Principal or vice-principal,https://www.pvsd.ca/,2026-06-26
72,Luther College High School,Luther College High School,Luther College High School School Office,School administrative office / graduation routing contact,Routing contact,VERY STRONG,Tier 1,86,Email,"Not publicly available after checks of the official organization or school website, staff/contact directory, board or event page, and targeted role search; phone or contact-form routing is required.","Not publicly available after checks of the official organization or school website, staff/contact directory, board or event page, and targeted role search; phone or contact-form routing is required.","The school office can identify the graduation lead, principal availability and committee contact.",Ask one precise question and mention the next graduation cycle.,Identify the current graduation coordinator and book a principal conversation.,Principal or vice-principal,https://www.luthercollege.edu/high-school/,2026-06-26
73,Nutana Collegiate,Nutana Collegiate,Nutana Collegiate School Office,School administrative office / graduation routing contact,Routing contact,VERY STRONG,Tier 2,76,Email,"Not publicly available after checks of the official organization or school website, staff/contact directory, board or event page, and targeted role search; phone or contact-form routing is required.","Not publicly available after checks of the official organization or school website, staff/contact directory, board or event page, and targeted role search; phone or contact-form routing is required.","The school office can identify the graduation lead, principal availability and committee contact.",Ask one precise question and mention the next graduation cycle.,Identify the current graduation coordinator and book a principal conversation.,Principal or vice-principal,https://www.spsd.sk.ca/nutana,2026-06-26
74,Martin Collegiate,Martin Collegiate,Martin Collegiate School Office,School administrative office / graduation routing contact,Routing contact,VERY STRONG,Tier 2,83,Email,"Not publicly available after checks of the official organization or school website, staff/contact directory, board or event page, and targeted role search; phone or contact-form routing is required.","Not publicly available after checks of the official organization or school website, staff/contact directory, board or event page, and targeted role search; phone or contact-form routing is required.","The school office can identify the graduation lead, principal availability and committee contact.",Ask one precise question and mention the next graduation cycle.,Identify the current graduation coordinator and book a principal conversation.,Principal or vice-principal,https://www.reginapublicschools.ca/high-schools,2026-06-26
75,Scott Collegiate,Scott Collegiate,Scott Collegiate School Office,School administrative office / graduation routing contact,Routing contact,VERY STRONG,Tier 2,78,Email,"Not publicly available after checks of the official organization or school website, staff/contact directory, board or event page, and targeted role search; phone or contact-form routing is required.","Not publicly available after checks of the official organization or school website, staff/contact directory, board or event page, and targeted role search; phone or contact-form routing is required.","The school office can identify the graduation lead, principal availability and committee contact.",Ask one precise question and mention the next graduation cycle.,Identify the current graduation coordinator and book a principal conversation.,Principal or vice-principal,https://www.reginapublicschools.ca/high-schools,2026-06-26
76,Campus Regina Public,Campus Regina Public,Campus Regina Public School Office,School administrative office / graduation routing contact,Routing contact,VERY STRONG,Tier 2,72,Email,"Not publicly available after checks of the official organization or school website, staff/contact directory, board or event page, and targeted role search; phone or contact-form routing is required.","Not publicly available after checks of the official organization or school website, staff/contact directory, board or event page, and targeted role search; phone or contact-form routing is required.","The school office can identify the graduation lead, principal availability and committee contact.",Ask one precise question and mention the next graduation cycle.,Identify the current graduation coordinator and book a principal conversation.,Principal or vice-principal,https://www.reginapublicschools.ca/high-schools,2026-06-26
77,Prince Albert Collegiate Institute,Prince Albert Collegiate Institute,Prince Albert Collegiate Institute School Office,School administrative office / graduation routing contact,Routing contact,VERY STRONG,Tier 2,78,Email,"Not publicly available after checks of the official organization or school website, staff/contact directory, board or event page, and targeted role search; phone or contact-form routing is required.","Not publicly available after checks of the official organization or school website, staff/contact directory, board or event page, and targeted role search; phone or contact-form routing is required.","The school office can identify the graduation lead, principal availability and committee contact.",Ask one precise question and mention the next graduation cycle.,Identify the current graduation coordinator and book a principal conversation.,Principal or vice-principal,https://www.srsd119.ca/schools,2026-06-26
78,Wesmor Public High School,Wesmor Public High School,Wesmor Public High School School Office,School administrative office / graduation routing contact,Routing contact,VERY STRONG,Tier 2,76,Email,"Not publicly available after checks of the official organization or school website, staff/contact directory, board or event page, and targeted role search; phone or contact-form routing is required.","Not publicly available after checks of the official organization or school website, staff/contact directory, board or event page, and targeted role search; phone or contact-form routing is required.","The school office can identify the graduation lead, principal availability and committee contact.",Ask one precise question and mention the next graduation cycle.,Identify the current graduation coordinator and book a principal conversation.,Principal or vice-principal,https://www.srsd119.ca/schools,2026-06-26
79,Central Collegiate,Central Collegiate,Central Collegiate School Office,School administrative office / graduation routing contact,Routing contact,VERY STRONG,Tier 2,82,Email,"Not publicly available after checks of the official organization or school website, staff/contact directory, board or event page, and targeted role search; phone or contact-form routing is required.","Not publicly available after checks of the official organization or school website, staff/contact directory, board or event page, and targeted role search; phone or contact-form routing is required.","The school office can identify the graduation lead, principal availability and committee contact.",Ask one precise question and mention the next graduation cycle.,Identify the current graduation coordinator and book a principal conversation.,Principal or vice-principal,https://www.prairiesouth.ca/,2026-06-26
80,Riverview Collegiate Institute,Riverview Collegiate Institute,Riverview Collegiate Institute School Office,School administrative office / graduation routing contact,Routing contact,VERY STRONG,Tier 2,72,Email,"Not publicly available after checks of the official organization or school website, staff/contact directory, board or event page, and targeted role search; phone or contact-form routing is required.","Not publicly available after checks of the official organization or school website, staff/contact directory, board or event page, and targeted role search; phone or contact-form routing is required.","The school office can identify the graduation lead, principal availability and committee contact.",Ask one precise question and mention the next graduation cycle.,Identify the current graduation coordinator and book a principal conversation.,Principal or vice-principal,https://www.prairiesouth.ca/,2026-06-26
81,Vanier Collegiate,Vanier Collegiate,Vanier Collegiate School Office,School administrative office / graduation routing contact,Routing contact,VERY STRONG,Tier 2,80,Email,"Not publicly available after checks of the official organization or school website, staff/contact directory, board or event page, and targeted role search; phone or contact-form routing is required.","Not publicly available after checks of the official organization or school website, staff/contact directory, board or event page, and targeted role search; phone or contact-form routing is required.","The school office can identify the graduation lead, principal availability and committee contact.",Ask one precise question and mention the next graduation cycle.,Identify the current graduation coordinator and book a principal conversation.,Principal or vice-principal,https://www.htcsd.ca/,2026-06-26
82,John Paul II Collegiate,John Paul II Collegiate,John Paul II Collegiate School Office,School administrative office / graduation routing contact,Routing contact,VERY STRONG,Tier 2,82,Email,"Not publicly available after checks of the official organization or school website, staff/contact directory, board or event page, and targeted role search; phone or contact-form routing is required.","Not publicly available after checks of the official organization or school website, staff/contact directory, board or event page, and targeted role search; phone or contact-form routing is required.","The school office can identify the graduation lead, principal availability and committee contact.",Ask one precise question and mention the next graduation cycle.,Identify the current graduation coordinator and book a principal conversation.,Principal or vice-principal,https://www.loccsd.ca/,2026-06-26
83,Sakewew High School,Sakewew High School,Sakewew High School School Office,School administrative office / graduation routing contact,Routing contact,VERY STRONG,Tier 2,72,Email,"Not publicly available after checks of the official organization or school website, staff/contact directory, board or event page, and targeted role search; phone or contact-form routing is required.","Not publicly available after checks of the official organization or school website, staff/contact directory, board or event page, and targeted role search; phone or contact-form routing is required.","The school office can identify the graduation lead, principal availability and committee contact.",Ask one precise question and mention the next graduation cycle.,Identify the current graduation coordinator and book a principal conversation.,Principal or vice-principal,https://www.livingskysd.ca/,2026-06-26
84,Canora Composite School,Canora Composite School,Canora Composite School School Office,School administrative office / graduation routing contact,Routing contact,VERY STRONG,Tier 2,70,Email,"Not publicly available after checks of the official organization or school website, staff/contact directory, board or event page, and targeted role search; phone or contact-form routing is required.","Not publicly available after checks of the official organization or school website, staff/contact directory, board or event page, and targeted role search; phone or contact-form routing is required.","The school office can identify the graduation lead, principal availability and committee contact.",Ask one precise question and mention the next graduation cycle.,Identify the current graduation coordinator and book a principal conversation.,Principal or vice-principal,https://www.gssd.ca/,2026-06-26
85,Kamsack Comprehensive Institute,Kamsack Comprehensive Institute,Kamsack Comprehensive Institute School Office,School administrative office / graduation routing contact,Routing contact,VERY STRONG,Tier 2,69,Email,"Not publicly available after checks of the official organization or school website, staff/contact directory, board or event page, and targeted role search; phone or contact-form routing is required.","Not publicly available after checks of the official organization or school website, staff/contact directory, board or event page, and targeted role search; phone or contact-form routing is required.","The school office can identify the graduation lead, principal availability and committee contact.",Ask one precise question and mention the next graduation cycle.,Identify the current graduation coordinator and book a principal conversation.,Principal or vice-principal,https://www.gssd.ca/,2026-06-26
86,Melville Comprehensive School,Melville Comprehensive School,Melville Comprehensive School School Office,School administrative office / graduation routing contact,Routing contact,VERY STRONG,Tier 2,76,Email,"Not publicly available after checks of the official organization or school website, staff/contact directory, board or event page, and targeted role search; phone or contact-form routing is required.","Not publicly available after checks of the official organization or school website, staff/contact directory, board or event page, and targeted role search; phone or contact-form routing is required.","The school office can identify the graduation lead, principal availability and committee contact.",Ask one precise question and mention the next graduation cycle.,Identify the current graduation coordinator and book a principal conversation.,Principal or vice-principal,https://www.gssd.ca/,2026-06-26
87,Maple Creek Composite School,Maple Creek Composite School,Maple Creek Composite School School Office,School administrative office / graduation routing contact,Routing contact,VERY STRONG,Tier 2,72,Email,"Not publicly available after checks of the official organization or school website, staff/contact directory, board or event page, and targeted role search; phone or contact-form routing is required.","Not publicly available after checks of the official organization or school website, staff/contact directory, board or event page, and targeted role search; phone or contact-form routing is required.","The school office can identify the graduation lead, principal availability and committee contact.",Ask one precise question and mention the next graduation cycle.,Identify the current graduation coordinator and book a principal conversation.,Principal or vice-principal,https://www.chinooksd.ca/,2026-06-26
88,Shaunavon High School,Shaunavon High School,Shaunavon High School School Office,School administrative office / graduation routing contact,Routing contact,VERY STRONG,Tier 2,70,Email,"Not publicly available after checks of the official organization or school website, staff/contact directory, board or event page, and targeted role search; phone or contact-form routing is required.","Not publicly available after checks of the official organization or school website, staff/contact directory, board or event page, and targeted role search; phone or contact-form routing is required.","The school office can identify the graduation lead, principal availability and committee contact.",Ask one precise question and mention the next graduation cycle.,Identify the current graduation coordinator and book a principal conversation.,Principal or vice-principal,https://www.chinooksd.ca/,2026-06-26
89,Delisle Composite School,Delisle Composite School,Delisle Composite School School Office,School administrative office / graduation routing contact,Routing contact,VERY STRONG,Tier 2,73,Email,"Not publicly available after checks of the official organization or school website, staff/contact directory, board or event page, and targeted role search; phone or contact-form routing is required.","Not publicly available after checks of the official organization or school website, staff/contact directory, board or event page, and targeted role search; phone or contact-form routing is required.","The school office can identify the graduation lead, principal availability and committee contact.",Ask one precise question and mention the next graduation cycle.,Identify the current graduation coordinator and book a principal conversation.,Principal or vice-principal,https://www.spiritsd.ca/,2026-06-26
90,Clavet Composite School,Clavet Composite School,Clavet Composite School School Office,School administrative office / graduation routing contact,Routing contact,VERY STRONG,Tier 2,72,Email,"Not publicly available after checks of the official organization or school website, staff/contact directory, board or event page, and targeted role search; phone or contact-form routing is required.","Not publicly available after checks of the official organization or school website, staff/contact directory, board or event page, and targeted role search; phone or contact-form routing is required.","The school office can identify the graduation lead, principal availability and committee contact.",Ask one precise question and mention the next graduation cycle.,Identify the current graduation coordinator and book a principal conversation.,Principal or vice-principal,https://www.spiritsd.ca/,2026-06-26
91,Dalmeny High School,Dalmeny High School,Dalmeny High School School Office,School administrative office / graduation routing contact,Routing contact,VERY STRONG,Tier 2,72,Email,"Not publicly available after checks of the official organization or school website, staff/contact directory, board or event page, and targeted role search; phone or contact-form routing is required.","Not publicly available after checks of the official organization or school website, staff/contact directory, board or event page, and targeted role search; phone or contact-form routing is required.","The school office can identify the graduation lead, principal availability and committee contact.",Ask one precise question and mention the next graduation cycle.,Identify the current graduation coordinator and book a principal conversation.,Principal or vice-principal,https://www.spiritsd.ca/,2026-06-26
92,Rosthern Community School,Rosthern Community School,Rosthern Community School School Office,School administrative office / graduation routing contact,Routing contact,VERY STRONG,Tier 2,70,Email,"Not publicly available after checks of the official organization or school website, staff/contact directory, board or event page, and targeted role search; phone or contact-form routing is required.","Not publicly available after checks of the official organization or school website, staff/contact directory, board or event page, and targeted role search; phone or contact-form routing is required.","The school office can identify the graduation lead, principal availability and committee contact.",Ask one precise question and mention the next graduation cycle.,Identify the current graduation coordinator and book a principal conversation.,Principal or vice-principal,https://www.spiritsd.ca/,2026-06-26
93,Hague High School,Hague High School,Hague High School School Office,School administrative office / graduation routing contact,Routing contact,VERY STRONG,Tier 2,68,Email,"Not publicly available after checks of the official organization or school website, staff/contact directory, board or event page, and targeted role search; phone or contact-form routing is required.","Not publicly available after checks of the official organization or school website, staff/contact directory, board or event page, and targeted role search; phone or contact-form routing is required.","The school office can identify the graduation lead, principal availability and committee contact.",Ask one precise question and mention the next graduation cycle.,Identify the current graduation coordinator and book a principal conversation.,Principal or vice-principal,https://www.spiritsd.ca/,2026-06-26
94,Humboldt Collegiate Institute,Humboldt Collegiate Institute,Humboldt Collegiate Institute School Office,School administrative office / graduation routing contact,Routing contact,VERY STRONG,Tier 2,80,Email,"Not publicly available after checks of the official organization or school website, staff/contact directory, board or event page, and targeted role search; phone or contact-form routing is required.","Not publicly available after checks of the official organization or school website, staff/contact directory, board or event page, and targeted role search; phone or contact-form routing is required.","The school office can identify the graduation lead, principal availability and committee contact.",Ask one precise question and mention the next graduation cycle.,Identify the current graduation coordinator and book a principal conversation.,Principal or vice-principal,https://www.horizonsd.ca/,2026-06-26
95,Lanigan Central High School,Lanigan Central High School,Lanigan Central High School School Office,School administrative office / graduation routing contact,Routing contact,VERY STRONG,Tier 2,68,Email,"Not publicly available after checks of the official organization or school website, staff/contact directory, board or event page, and targeted role search; phone or contact-form routing is required.","Not publicly available after checks of the official organization or school website, staff/contact directory, board or event page, and targeted role search; phone or contact-form routing is required.","The school office can identify the graduation lead, principal availability and committee contact.",Ask one precise question and mention the next graduation cycle.,Identify the current graduation coordinator and book a principal conversation.,Principal or vice-principal,https://www.horizonsd.ca/,2026-06-26
96,Wynyard Composite High School,Wynyard Composite High School,Wynyard Composite High School School Office,School administrative office / graduation routing contact,Routing contact,VERY STRONG,Tier 2,68,Email,"Not publicly available after checks of the official organization or school website, staff/contact directory, board or event page, and targeted role search; phone or contact-form routing is required.","Not publicly available after checks of the official organization or school website, staff/contact directory, board or event page, and targeted role search; phone or contact-form routing is required.","The school office can identify the graduation lead, principal availability and committee contact.",Ask one precise question and mention the next graduation cycle.,Identify the current graduation coordinator and book a principal conversation.,Principal or vice-principal,https://www.horizonsd.ca/,2026-06-26
97,L.P. Miller Comprehensive School,L.P. Miller Comprehensive School,L.P. Miller Comprehensive School School Office,School administrative office / graduation routing contact,Routing contact,VERY STRONG,Tier 2,76,Email,"Not publicly available after checks of the official organization or school website, staff/contact directory, board or event page, and targeted role search; phone or contact-form routing is required.","Not publicly available after checks of the official organization or school website, staff/contact directory, board or event page, and targeted role search; phone or contact-form routing is required.","The school office can identify the graduation lead, principal availability and committee contact.",Ask one precise question and mention the next graduation cycle.,Identify the current graduation coordinator and book a principal conversation.,Principal or vice-principal,https://www.nesd.ca/,2026-06-26
98,Tisdale Middle and Secondary School,Tisdale Middle and Secondary School,Tisdale Middle and Secondary School School Office,School administrative office / graduation routing contact,Routing contact,VERY STRONG,Tier 2,73,Email,"Not publicly available after checks of the official organization or school website, staff/contact directory, board or event page, and targeted role search; phone or contact-form routing is required.","Not publicly available after checks of the official organization or school website, staff/contact directory, board or event page, and targeted role search; phone or contact-form routing is required.","The school office can identify the graduation lead, principal availability and committee contact.",Ask one precise question and mention the next graduation cycle.,Identify the current graduation coordinator and book a principal conversation.,Principal or vice-principal,https://www.nesd.ca/,2026-06-26
99,McNaughton High School,McNaughton High School,McNaughton High School School Office,School administrative office / graduation routing contact,Routing contact,VERY STRONG,Tier 2,72,Email,"Not publicly available after checks of the official organization or school website, staff/contact directory, board or event page, and targeted role search; phone or contact-form routing is required.","Not publicly available after checks of the official organization or school website, staff/contact directory, board or event page, and targeted role search; phone or contact-form routing is required.","The school office can identify the graduation lead, principal availability and committee contact.",Ask one precise question and mention the next graduation cycle.,Identify the current graduation coordinator and book a principal conversation.,Principal or vice-principal,https://www.secpsd.ca/,2026-06-26
100,Carpenter High School,Carpenter High School,Carpenter High School School Office,School administrative office / graduation routing contact,Routing contact,VERY STRONG,Tier 2,80,Email,"Not publicly available after checks of the official organization or school website, staff/contact directory, board or event page, and targeted role search; phone or contact-form routing is required.","Not publicly available after checks of the official organization or school website, staff/contact directory, board or event page, and targeted role search; phone or contact-form routing is required.","The school office can identify the graduation lead, principal availability and committee contact.",Ask one precise question and mention the next graduation cycle.,Identify the current graduation coordinator and book a principal conversation.,Principal or vice-principal,https://www.nwsd.ca/,2026-06-26
