Division ID,Division name,Division type,Headquarters city,Region served,Number of schools,Number of secondary schools,Approximate student population,Official website,Staff directory,Trustee directory,Procurement page,Vendor registration page,Relevant policies,Main office email,Main office phone,Director or superintendent,Operations contact,Procurement contact,Communications contact,Board chair,Main approval route,Opportunity notes,Source URLs,Date verified
DIV-001,Chinook School Division No. 211,Public school division,Swift Current,Southwest Saskatchewan,Approximately 60,Approximately 15,"Approximately 6,000",https://www.chinooksd.ca/,No dedicated staff-directory URL was separately verified; use the official website: https://www.chinooksd.ca/,https://www.chinooksd.ca/board/about-us,https://sasktenders.ca/,No division-specific public vendor-registration page was located; contact finance/procurement and monitor SaskTenders.,"https://www.chinooksd.ca/ — policy/manual search required for fundraising, sponsorship, facility use and logo permission.",General email not publicly verified in the provincial directory; use official contact form or main phone.,306-778-9200,Mark Benesh,Chief financial/business or facilities office; exact current operational contact is listed in CONTACTS or RESEARCH GAPS.,Finance/business services or purchasing department; no personal procurement email is inferred.,Division communications office or general administration; exact route requires official-site confirmation.,Dianne Hahn,"Individual school approval likely, with division finance/operations review for contracts, logo use, revenue sharing or a division-wide arrangement; outside venue approval may also be required.","Division-wide relationship could create recurring access to several graduations, but principals and graduation committees remain the strongest school-level starting point.",https://www.chinooksd.ca/; https://www.chinooksd.ca/board/about-us; https://www.saskatchewan.ca/residents/education-and-learning/prek-12-education-early-learning-and-schools/k-12-school-divisions-in-saskatchewan; https://publications.saskatchewan.ca/api/v1/products/98865/formats/135806/download,2026-06-26
DIV-002,Christ the Teacher Roman Catholic Separate School Division No. 212,Catholic separate school division,Yorkton,"Yorkton, Melville and surrounding Catholic communities",15,3,"Approximately 2,400",https://www.christtheteacher.ca/,No dedicated staff-directory URL was separately verified; use the official website: https://www.christtheteacher.ca/,https://www.christtheteacher.ca/board,https://sasktenders.ca/,No division-specific public vendor-registration page was located; contact finance/procurement and monitor SaskTenders.,"https://www.christtheteacher.ca/ — policy/manual search required for fundraising, sponsorship, facility use and logo permission.",General email not publicly verified in the provincial directory; use official contact form or main phone.,306-783-8787,Barb MacKesey,Chief financial/business or facilities office; exact current operational contact is listed in CONTACTS or RESEARCH GAPS.,Finance/business services or purchasing department; no personal procurement email is inferred.,Division communications office or general administration; exact route requires official-site confirmation.,Patricia Zaryski,"Individual school approval likely, with division finance/operations review for contracts, logo use, revenue sharing or a division-wide arrangement; outside venue approval may also be required.","Division-wide relationship could create recurring access to several graduations, but principals and graduation committees remain the strongest school-level starting point.",https://www.christtheteacher.ca/; https://www.christtheteacher.ca/board; https://www.saskatchewan.ca/residents/education-and-learning/prek-12-education-early-learning-and-schools/k-12-school-divisions-in-saskatchewan; https://publications.saskatchewan.ca/api/v1/products/98865/formats/135806/download,2026-06-26
DIV-003,Conseil des écoles fransaskoises No. 310,Francophone school division,Regina,Province-wide Francophone school system,15,Approximately 5,"Approximately 2,000",https://ecolefrancophone.com/,No dedicated staff-directory URL was separately verified; use the official website: https://ecolefrancophone.com/,https://ecolefrancophone.com/fr/conseil/conseil-scolaire-fransaskois/conseillers-et-regions,https://sasktenders.ca/,No division-specific public vendor-registration page was located; contact finance/procurement and monitor SaskTenders.,"https://ecolefrancophone.com/ — policy/manual search required for fundraising, sponsorship, facility use and logo permission.",General email not publicly verified in the provincial directory; use official contact form or main phone.,1-877-273-6661,Ronald Ajavon,Chief financial/business or facilities office; exact current operational contact is listed in CONTACTS or RESEARCH GAPS.,Finance/business services or purchasing department; no personal procurement email is inferred.,Division communications office or general administration; exact route requires official-site confirmation.,Geneviève Binette,"Individual school approval likely, with division finance/operations review for contracts, logo use, revenue sharing or a division-wide arrangement; outside venue approval may also be required.","Division-wide relationship could create recurring access to several graduations, but principals and graduation committees remain the strongest school-level starting point.",https://ecolefrancophone.com/; https://ecolefrancophone.com/fr/conseil/conseil-scolaire-fransaskois/conseillers-et-regions; https://www.saskatchewan.ca/residents/education-and-learning/prek-12-education-early-learning-and-schools/k-12-school-divisions-in-saskatchewan; https://publications.saskatchewan.ca/api/v1/products/98865/formats/135806/download,2026-06-26
DIV-004,Creighton School Division No. 111,Northern public school division,Creighton,Creighton and surrounding northeast community,1,1,Approximately 500,https://www.creightonschool.com/,https://www.creightonschool.com/contact-us,https://www.creightonschool.com/contact-us,https://sasktenders.ca/,No division-specific public vendor-registration page was located; contact finance/procurement and monitor SaskTenders.,"https://www.creightonschool.com/ — policy/manual search required for fundraising, sponsorship, facility use and logo permission.",info@creightonschool.com,306-688-5825,Steve Lytwyn,Chief financial/business or facilities office; exact current operational contact is listed in CONTACTS or RESEARCH GAPS.,Finance/business services or purchasing department; no personal procurement email is inferred.,Division communications office or general administration; exact route requires official-site confirmation.,Lisa Linnick,"Individual school approval likely, with division finance/operations review for contracts, logo use, revenue sharing or a division-wide arrangement; outside venue approval may also be required.","Division-wide relationship could create recurring access to several graduations, but principals and graduation committees remain the strongest school-level starting point.",https://www.creightonschool.com/; https://www.creightonschool.com/contact-us; https://www.saskatchewan.ca/residents/education-and-learning/prek-12-education-early-learning-and-schools/k-12-school-divisions-in-saskatchewan; https://publications.saskatchewan.ca/api/v1/products/98865/formats/135806/download,2026-06-26
DIV-005,Good Spirit School Division No. 204,Public school division,Yorkton,East-central Saskatchewan,27,Approximately 10,"Approximately 6,000",https://www.gssd.ca/,No dedicated staff-directory URL was separately verified; use the official website: https://www.gssd.ca/,https://www.gssd.ca/board/board-members,https://sasktenders.ca/,No division-specific public vendor-registration page was located; contact finance/procurement and monitor SaskTenders.,"https://www.gssd.ca/ — policy/manual search required for fundraising, sponsorship, facility use and logo permission.",General email not publicly verified in the provincial directory; use official contact form or main phone.,306-786-5500,Quintin Robertson,Chief financial/business or facilities office; exact current operational contact is listed in CONTACTS or RESEARCH GAPS.,Finance/business services or purchasing department; no personal procurement email is inferred.,Division communications office or general administration; exact route requires official-site confirmation.,Jaime Johnson,"Individual school approval likely, with division finance/operations review for contracts, logo use, revenue sharing or a division-wide arrangement; outside venue approval may also be required.","Division-wide relationship could create recurring access to several graduations, but principals and graduation committees remain the strongest school-level starting point.",https://www.gssd.ca/; https://www.gssd.ca/board/board-members; https://www.saskatchewan.ca/residents/education-and-learning/prek-12-education-early-learning-and-schools/k-12-school-divisions-in-saskatchewan; https://publications.saskatchewan.ca/api/v1/products/98865/formats/135806/download,2026-06-26
DIV-006,Holy Family Roman Catholic Separate School Division No. 140,Catholic separate school division,Weyburn,"Weyburn, Estevan, Radville and Wilcox Catholic communities",5,0 Grade 10–12 schools; the division provides Christian Ethics courses at community high schools.,"Approximately 1,100",https://www.holyfamilyrcssd.ca/,No dedicated staff-directory URL was separately verified; use the official website: https://www.holyfamilyrcssd.ca/,https://www.holyfamilyrcssd.ca/index.php/governance/board-of-education/board,https://sasktenders.ca/,No division-specific public vendor-registration page was located; contact finance/procurement and monitor SaskTenders.,https://holyfamilyrcssd.ca/index.php/governance/administration/school-divsion-procedures,office.weyburn@holyfamilyrcssd.ca,306-842-7025,Ken Sampson,Chief financial/business or facilities office; exact current operational contact is listed in CONTACTS or RESEARCH GAPS.,Finance/business services or purchasing department; no personal procurement email is inferred.,Division communications office or general administration; exact route requires official-site confirmation.,Bruno Tuchscherer,"Individual school approval likely, with division finance/operations review for contracts, logo use, revenue sharing or a division-wide arrangement; outside venue approval may also be required.","Division-wide relationship could create recurring access to several graduations, but principals and graduation committees remain the strongest school-level starting point.",https://www.holyfamilyrcssd.ca/; https://www.holyfamilyrcssd.ca/index.php/governance/board-of-education/board; https://www.saskatchewan.ca/residents/education-and-learning/prek-12-education-early-learning-and-schools/k-12-school-divisions-in-saskatchewan; https://publications.saskatchewan.ca/api/v1/products/98865/formats/135806/download,2026-06-26
DIV-007,Holy Trinity Roman Catholic Separate School Division No. 22,Catholic separate school division,Moose Jaw,"Moose Jaw, Swift Current and Shaunavon Catholic communities",9,2,"Approximately 2,346",https://www.htcsd.ca/,No dedicated staff-directory URL was separately verified; use the official website: https://www.htcsd.ca/,https://www.htcsd.ca/apps/pages/index.jsp?uREC_ID=1075802&type=d&pREC_ID=1359526,https://sasktenders.ca/,No division-specific public vendor-registration page was located; contact finance/procurement and monitor SaskTenders.,"https://www.htcsd.ca/ — policy/manual search required for fundraising, sponsorship, facility use and logo permission.",General email not publicly verified in the provincial directory; use official contact form or main phone.,306-694-5333,Ward Strueby,Chief financial/business or facilities office; exact current operational contact is listed in CONTACTS or RESEARCH GAPS.,Finance/business services or purchasing department; no personal procurement email is inferred.,Division communications office or general administration; exact route requires official-site confirmation.,Joann Blazieko,"Individual school approval likely, with division finance/operations review for contracts, logo use, revenue sharing or a division-wide arrangement; outside venue approval may also be required.","Division-wide relationship could create recurring access to several graduations, but principals and graduation committees remain the strongest school-level starting point.",https://www.htcsd.ca/; https://www.htcsd.ca/apps/pages/index.jsp?uREC_ID=1075802&type=d&pREC_ID=1359526; https://www.saskatchewan.ca/residents/education-and-learning/prek-12-education-early-learning-and-schools/k-12-school-divisions-in-saskatchewan; https://publications.saskatchewan.ca/api/v1/products/98865/formats/135806/download,2026-06-26
DIV-008,Horizon School Division No. 205,Public school division,Humboldt,East-central Saskatchewan,42,Approximately 14,"Approximately 6,500",https://www.horizonsd.ca/,No dedicated staff-directory URL was separately verified; use the official website: https://www.horizonsd.ca/,https://www.horizonsd.ca/apps/pages/board,https://sasktenders.ca/,No division-specific public vendor-registration page was located; contact finance/procurement and monitor SaskTenders.,"https://www.horizonsd.ca/ — policy/manual search required for fundraising, sponsorship, facility use and logo permission.",General email not publicly verified in the provincial directory; use official contact form or main phone.,306-682-2558,Kevin Garinger,Chief financial/business or facilities office; exact current operational contact is listed in CONTACTS or RESEARCH GAPS.,Finance/business services or purchasing department; no personal procurement email is inferred.,Division communications office or general administration; exact route requires official-site confirmation.,Linda Mattock,"Individual school approval likely, with division finance/operations review for contracts, logo use, revenue sharing or a division-wide arrangement; outside venue approval may also be required.","Division-wide relationship could create recurring access to several graduations, but principals and graduation committees remain the strongest school-level starting point.",https://www.horizonsd.ca/; https://www.horizonsd.ca/apps/pages/board; https://www.saskatchewan.ca/residents/education-and-learning/prek-12-education-early-learning-and-schools/k-12-school-divisions-in-saskatchewan; https://publications.saskatchewan.ca/api/v1/products/98865/formats/135806/download,2026-06-26
DIV-009,Île-à-la-Crosse School Division No. 112,Northern public school division,Île-à-la-Crosse,Île-à-la-Crosse,2,1,Approximately 500,https://www.rossignolschools.com/,No dedicated staff-directory URL was separately verified; use the official website: https://www.rossignolschools.com/,https://www.rossignolschools.com/page/board,https://sasktenders.ca/,No division-specific public vendor-registration page was located; contact finance/procurement and monitor SaskTenders.,"https://www.rossignolschools.com/ — policy/manual search required for fundraising, sponsorship, facility use and logo permission.",icsd112@icsd.ca,306-833-2141,Sharon Hoffman,Chief financial/business or facilities office; exact current operational contact is listed in CONTACTS or RESEARCH GAPS.,Finance/business services or purchasing department; no personal procurement email is inferred.,Division communications office or general administration; exact route requires official-site confirmation.,Barbara Flett,"Individual school approval likely, with division finance/operations review for contracts, logo use, revenue sharing or a division-wide arrangement; outside venue approval may also be required.","Division-wide relationship could create recurring access to several graduations, but principals and graduation committees remain the strongest school-level starting point.",https://www.rossignolschools.com/; https://www.rossignolschools.com/page/board; https://www.saskatchewan.ca/residents/education-and-learning/prek-12-education-early-learning-and-schools/k-12-school-divisions-in-saskatchewan; https://publications.saskatchewan.ca/api/v1/products/98865/formats/135806/download,2026-06-26
DIV-010,Light of Christ Roman Catholic Separate School Division No. 16,Catholic separate school division,North Battleford,Battlefords Catholic community,7,1,"Approximately 2,200",https://www.loccsd.ca/,No dedicated staff-directory URL was separately verified; use the official website: https://www.loccsd.ca/,Full board-page URL not separately verified in this build; start from https://www.loccsd.ca/,https://sasktenders.ca/,No division-specific public vendor-registration page was located; contact finance/procurement and monitor SaskTenders.,"https://www.loccsd.ca/ — policy/manual search required for fundraising, sponsorship, facility use and logo permission.",General email not publicly verified in the provincial directory; use official contact form or main phone.,306-445-6158,Cory Rideout,Chief financial/business or facilities office; exact current operational contact is listed in CONTACTS or RESEARCH GAPS.,Finance/business services or purchasing department; no personal procurement email is inferred.,Division communications office or general administration; exact route requires official-site confirmation.,Glen Gantefoer,"Individual school approval likely, with division finance/operations review for contracts, logo use, revenue sharing or a division-wide arrangement; outside venue approval may also be required.","Division-wide relationship could create recurring access to several graduations, but principals and graduation committees remain the strongest school-level starting point.",https://www.loccsd.ca/; Full board-page URL not separately verified in this build; start from https://www.loccsd.ca/; https://www.saskatchewan.ca/residents/education-and-learning/prek-12-education-early-learning-and-schools/k-12-school-divisions-in-saskatchewan; https://publications.saskatchewan.ca/api/v1/products/98865/formats/135806/download,2026-06-26
DIV-011,Living Sky School Division No. 202,Public school division,North Battleford,North-central and west-central Saskatchewan,Approximately 27,Approximately 12,"Approximately 5,700",https://www.livingskysd.ca/,No dedicated staff-directory URL was separately verified; use the official website: https://www.livingskysd.ca/,Full board-page URL not separately verified in this build; start from https://www.livingskysd.ca/,https://sasktenders.ca/,No division-specific public vendor-registration page was located; contact finance/procurement and monitor SaskTenders.,"https://www.livingskysd.ca/ — policy/manual search required for fundraising, sponsorship, facility use and logo permission.",General email not publicly verified in the provincial directory; use official contact form or main phone.,306-937-7702,Brenda Vickers,Chief financial/business or facilities office; exact current operational contact is listed in CONTACTS or RESEARCH GAPS.,Finance/business services or purchasing department; no personal procurement email is inferred.,Division communications office or general administration; exact route requires official-site confirmation.,Ronna Pethick,"Individual school approval likely, with division finance/operations review for contracts, logo use, revenue sharing or a division-wide arrangement; outside venue approval may also be required.","Division-wide relationship could create recurring access to several graduations, but principals and graduation committees remain the strongest school-level starting point.",https://www.livingskysd.ca/; Full board-page URL not separately verified in this build; start from https://www.livingskysd.ca/; https://www.saskatchewan.ca/residents/education-and-learning/prek-12-education-early-learning-and-schools/k-12-school-divisions-in-saskatchewan; https://publications.saskatchewan.ca/api/v1/products/98865/formats/135806/download,2026-06-26
DIV-012,Lloydminster Roman Catholic Separate School Division No. 89,Catholic separate school division,Lloydminster,Lloydminster Catholic community,6,1,"Approximately 3,000",https://www.lcsd.ca/,No dedicated staff-directory URL was separately verified; use the official website: https://www.lcsd.ca/,Full board-page URL not separately verified in this build; start from https://www.lcsd.ca/,https://sasktenders.ca/,No division-specific public vendor-registration page was located; contact finance/procurement and monitor SaskTenders.,"https://www.lcsd.ca/ — policy/manual search required for fundraising, sponsorship, facility use and logo permission.",General email not publicly verified in the provincial directory; use official contact form or main phone.,780-808-8585,Glenda Kary,Chief financial/business or facilities office; exact current operational contact is listed in CONTACTS or RESEARCH GAPS.,Finance/business services or purchasing department; no personal procurement email is inferred.,Division communications office or general administration; exact route requires official-site confirmation.,Paula Scott,"Individual school approval likely, with division finance/operations review for contracts, logo use, revenue sharing or a division-wide arrangement; outside venue approval may also be required.","Division-wide relationship could create recurring access to several graduations, but principals and graduation committees remain the strongest school-level starting point.",https://www.lcsd.ca/; Full board-page URL not separately verified in this build; start from https://www.lcsd.ca/; https://www.saskatchewan.ca/residents/education-and-learning/prek-12-education-early-learning-and-schools/k-12-school-divisions-in-saskatchewan; https://publications.saskatchewan.ca/api/v1/products/98865/formats/135806/download,2026-06-26
DIV-013,Lloydminster School Division No. 99,Public school division,Lloydminster,Lloydminster public schools,10,1,"Approximately 4,500",https://www.lpsd.ca/,No dedicated staff-directory URL was separately verified; use the official website: https://www.lpsd.ca/,Full board-page URL not separately verified in this build; start from https://www.lpsd.ca/,https://sasktenders.ca/,No division-specific public vendor-registration page was located; contact finance/procurement and monitor SaskTenders.,"https://www.lpsd.ca/ — policy/manual search required for fundraising, sponsorship, facility use and logo permission.",General email not publicly verified in the provincial directory; use official contact form or main phone.,780-875-5541,Jason Neville,Chief financial/business or facilities office; exact current operational contact is listed in CONTACTS or RESEARCH GAPS.,Finance/business services or purchasing department; no personal procurement email is inferred.,Division communications office or general administration; exact route requires official-site confirmation.,Melanie Mutter,"Individual school approval likely, with division finance/operations review for contracts, logo use, revenue sharing or a division-wide arrangement; outside venue approval may also be required.","Division-wide relationship could create recurring access to several graduations, but principals and graduation committees remain the strongest school-level starting point.",https://www.lpsd.ca/; Full board-page URL not separately verified in this build; start from https://www.lpsd.ca/; https://www.saskatchewan.ca/residents/education-and-learning/prek-12-education-early-learning-and-schools/k-12-school-divisions-in-saskatchewan; https://publications.saskatchewan.ca/api/v1/products/98865/formats/135806/download,2026-06-26
DIV-014,North East School Division No. 200,Public school division,Melfort,Northeast Saskatchewan,Approximately 22,Approximately 10,"Approximately 4,700",https://www.nesd.ca/,No dedicated staff-directory URL was separately verified; use the official website: https://www.nesd.ca/,Full board-page URL not separately verified in this build; start from https://www.nesd.ca/,https://sasktenders.ca/,No division-specific public vendor-registration page was located; contact finance/procurement and monitor SaskTenders.,"https://www.nesd.ca/ — policy/manual search required for fundraising, sponsorship, facility use and logo permission.",General email not publicly verified in the provincial directory; use official contact form or main phone.,306-752-5741,Stacy Lair,Chief financial/business or facilities office; exact current operational contact is listed in CONTACTS or RESEARCH GAPS.,Finance/business services or purchasing department; no personal procurement email is inferred.,Division communications office or general administration; exact route requires official-site confirmation.,Kathrene Bank,"Individual school approval likely, with division finance/operations review for contracts, logo use, revenue sharing or a division-wide arrangement; outside venue approval may also be required.","Division-wide relationship could create recurring access to several graduations, but principals and graduation committees remain the strongest school-level starting point.",https://www.nesd.ca/; Full board-page URL not separately verified in this build; start from https://www.nesd.ca/; https://www.saskatchewan.ca/residents/education-and-learning/prek-12-education-early-learning-and-schools/k-12-school-divisions-in-saskatchewan; https://publications.saskatchewan.ca/api/v1/products/98865/formats/135806/download,2026-06-26
DIV-015,Northern Lights School Division No. 113,Northern public school division,La Ronge,Northern Saskatchewan,Approximately 20,Approximately 11,"Approximately 4,000",https://www.nlsd113.ca/,No dedicated staff-directory URL was separately verified; use the official website: https://www.nlsd113.ca/,Full board-page URL not separately verified in this build; start from https://www.nlsd113.ca/,https://sasktenders.ca/,No division-specific public vendor-registration page was located; contact finance/procurement and monitor SaskTenders.,"https://www.nlsd113.ca/ — policy/manual search required for fundraising, sponsorship, facility use and logo permission.",General email not publicly verified in the provincial directory; use official contact form or main phone.,306-425-3302,Jason Young,Chief financial/business or facilities office; exact current operational contact is listed in CONTACTS or RESEARCH GAPS.,Finance/business services or purchasing department; no personal procurement email is inferred.,Division communications office or general administration; exact route requires official-site confirmation.,Joey McCallum,"Individual school approval likely, with division finance/operations review for contracts, logo use, revenue sharing or a division-wide arrangement; outside venue approval may also be required.","Division-wide relationship could create recurring access to several graduations, but principals and graduation committees remain the strongest school-level starting point.",https://www.nlsd113.ca/; Full board-page URL not separately verified in this build; start from https://www.nlsd113.ca/; https://www.saskatchewan.ca/residents/education-and-learning/prek-12-education-early-learning-and-schools/k-12-school-divisions-in-saskatchewan; https://publications.saskatchewan.ca/api/v1/products/98865/formats/135806/download,2026-06-26
DIV-016,Northwest School Division No. 203,Public school division,Meadow Lake,Northwest Saskatchewan,Approximately 21,Approximately 10,"Approximately 4,500",https://www.nwsd.ca/,No dedicated staff-directory URL was separately verified; use the official website: https://www.nwsd.ca/,Full board-page URL not separately verified in this build; start from https://www.nwsd.ca/,https://sasktenders.ca/,No division-specific public vendor-registration page was located; contact finance/procurement and monitor SaskTenders.,"https://www.nwsd.ca/ — policy/manual search required for fundraising, sponsorship, facility use and logo permission.",General email not publicly verified in the provincial directory; use official contact form or main phone.,306-236-5614,Jennifer Williamson,Chief financial/business or facilities office; exact current operational contact is listed in CONTACTS or RESEARCH GAPS.,Finance/business services or purchasing department; no personal procurement email is inferred.,Division communications office or general administration; exact route requires official-site confirmation.,Travis Neufeld,"Individual school approval likely, with division finance/operations review for contracts, logo use, revenue sharing or a division-wide arrangement; outside venue approval may also be required.","Division-wide relationship could create recurring access to several graduations, but principals and graduation committees remain the strongest school-level starting point.",https://www.nwsd.ca/; Full board-page URL not separately verified in this build; start from https://www.nwsd.ca/; https://www.saskatchewan.ca/residents/education-and-learning/prek-12-education-early-learning-and-schools/k-12-school-divisions-in-saskatchewan; https://publications.saskatchewan.ca/api/v1/products/98865/formats/135806/download,2026-06-26
DIV-017,Prairie South School Division No. 210,Public school division,Moose Jaw,South-central Saskatchewan,Approximately 40,Approximately 16,"Approximately 7,200",https://www.prairiesouth.ca/,No dedicated staff-directory URL was separately verified; use the official website: https://www.prairiesouth.ca/,Full board-page URL not separately verified in this build; start from https://www.prairiesouth.ca/,https://sasktenders.ca/,No division-specific public vendor-registration page was located; contact finance/procurement and monitor SaskTenders.,"https://www.prairiesouth.ca/ — policy/manual search required for fundraising, sponsorship, facility use and logo permission.",General email not publicly verified in the provincial directory; use official contact form or main phone.,306-694-1200,Ryan Boughen,Chief financial/business or facilities office; exact current operational contact is listed in CONTACTS or RESEARCH GAPS.,Finance/business services or purchasing department; no personal procurement email is inferred.,Division communications office or general administration; exact route requires official-site confirmation.,Giselle Wilson,"Individual school approval likely, with division finance/operations review for contracts, logo use, revenue sharing or a division-wide arrangement; outside venue approval may also be required.","Division-wide relationship could create recurring access to several graduations, but principals and graduation committees remain the strongest school-level starting point.",https://www.prairiesouth.ca/; Full board-page URL not separately verified in this build; start from https://www.prairiesouth.ca/; https://www.saskatchewan.ca/residents/education-and-learning/prek-12-education-early-learning-and-schools/k-12-school-divisions-in-saskatchewan; https://publications.saskatchewan.ca/api/v1/products/98865/formats/135806/download,2026-06-26
DIV-018,Prairie Spirit School Division No. 206,Public school division,Warman,Communities surrounding Saskatoon,Approximately 49,Approximately 18,"Approximately 12,000",https://www.spiritsd.ca/,No dedicated staff-directory URL was separately verified; use the official website: https://www.spiritsd.ca/,Full board-page URL not separately verified in this build; start from https://www.spiritsd.ca/,https://sasktenders.ca/,No division-specific public vendor-registration page was located; contact finance/procurement and monitor SaskTenders.,"https://www.spiritsd.ca/ — policy/manual search required for fundraising, sponsorship, facility use and logo permission.",General email not publicly verified in the provincial directory; use official contact form or main phone.,306-683-2800,Tracey Young,Chief financial/business or facilities office; exact current operational contact is listed in CONTACTS or RESEARCH GAPS.,Finance/business services or purchasing department; no personal procurement email is inferred.,Division communications office or general administration; exact route requires official-site confirmation.,Kate Kading,"Individual school approval likely, with division finance/operations review for contracts, logo use, revenue sharing or a division-wide arrangement; outside venue approval may also be required.","Division-wide relationship could create recurring access to several graduations, but principals and graduation committees remain the strongest school-level starting point.",https://www.spiritsd.ca/; Full board-page URL not separately verified in this build; start from https://www.spiritsd.ca/; https://www.saskatchewan.ca/residents/education-and-learning/prek-12-education-early-learning-and-schools/k-12-school-divisions-in-saskatchewan; https://publications.saskatchewan.ca/api/v1/products/98865/formats/135806/download,2026-06-26
DIV-019,Prairie Valley School Division No. 208,Public school division,Regina,Rural and small-city communities surrounding Regina,Approximately 39,Approximately 17,"Approximately 8,800",https://www.pvsd.ca/,No dedicated staff-directory URL was separately verified; use the official website: https://www.pvsd.ca/,Full board-page URL not separately verified in this build; start from https://www.pvsd.ca/,https://sasktenders.ca/,No division-specific public vendor-registration page was located; contact finance/procurement and monitor SaskTenders.,"https://www.pvsd.ca/ — policy/manual search required for fundraising, sponsorship, facility use and logo permission.",General email not publicly verified in the provincial directory; use official contact form or main phone.,306-949-3366,Gord Husband,Chief financial/business or facilities office; exact current operational contact is listed in CONTACTS or RESEARCH GAPS.,Finance/business services or purchasing department; no personal procurement email is inferred.,Division communications office or general administration; exact route requires official-site confirmation.,Janet Kotylak,"Individual school approval likely, with division finance/operations review for contracts, logo use, revenue sharing or a division-wide arrangement; outside venue approval may also be required.","Division-wide relationship could create recurring access to several graduations, but principals and graduation committees remain the strongest school-level starting point.",https://www.pvsd.ca/; Full board-page URL not separately verified in this build; start from https://www.pvsd.ca/; https://www.saskatchewan.ca/residents/education-and-learning/prek-12-education-early-learning-and-schools/k-12-school-divisions-in-saskatchewan; https://publications.saskatchewan.ca/api/v1/products/98865/formats/135806/download,2026-06-26
DIV-020,Prince Albert Roman Catholic Separate School Division No. 6,Catholic separate school division,Prince Albert,Prince Albert Catholic schools,6,1,"Approximately 3,200",https://www.pacsd.ca/,No dedicated staff-directory URL was separately verified; use the official website: https://www.pacsd.ca/,Full board-page URL not separately verified in this build; start from https://www.pacsd.ca/,https://sasktenders.ca/,No division-specific public vendor-registration page was located; contact finance/procurement and monitor SaskTenders.,"https://www.pacsd.ca/ — policy/manual search required for fundraising, sponsorship, facility use and logo permission.",General email not publicly verified in the provincial directory; use official contact form or main phone.,306-953-7500,Lorel Trumier,Chief financial/business or facilities office; exact current operational contact is listed in CONTACTS or RESEARCH GAPS.,Finance/business services or purchasing department; no personal procurement email is inferred.,Division communications office or general administration; exact route requires official-site confirmation.,Suzanne Stubbs,"Individual school approval likely, with division finance/operations review for contracts, logo use, revenue sharing or a division-wide arrangement; outside venue approval may also be required.","Division-wide relationship could create recurring access to several graduations, but principals and graduation committees remain the strongest school-level starting point.",https://www.pacsd.ca/; Full board-page URL not separately verified in this build; start from https://www.pacsd.ca/; https://www.saskatchewan.ca/residents/education-and-learning/prek-12-education-early-learning-and-schools/k-12-school-divisions-in-saskatchewan; https://publications.saskatchewan.ca/api/v1/products/98865/formats/135806/download,2026-06-26
DIV-021,Regina Roman Catholic Separate School Division No. 81,Catholic separate school division,Regina,Regina Catholic schools,32,4,"Approximately 12,000",https://www.rcsd.ca/,No dedicated staff-directory URL was separately verified; use the official website: https://www.rcsd.ca/,https://www.rcsd.ca/board,https://sasktenders.ca/,No division-specific public vendor-registration page was located; contact finance/procurement and monitor SaskTenders.,"https://www.rcsd.ca/ — policy/manual search required for fundraising, sponsorship, facility use and logo permission.",General email not publicly verified in the provincial directory; use official contact form or main phone.,306-791-7200,Kelley Ehman,Chief financial/business or facilities office; exact current operational contact is listed in CONTACTS or RESEARCH GAPS.,Finance/business services or purchasing department; no personal procurement email is inferred.,Division communications office or general administration; exact route requires official-site confirmation.,Ryan Bast,"Individual school approval likely, with division finance/operations review for contracts, logo use, revenue sharing or a division-wide arrangement; outside venue approval may also be required.","Division-wide relationship could create recurring access to several graduations, but principals and graduation committees remain the strongest school-level starting point.",https://www.rcsd.ca/; https://www.rcsd.ca/board; https://www.saskatchewan.ca/residents/education-and-learning/prek-12-education-early-learning-and-schools/k-12-school-divisions-in-saskatchewan; https://publications.saskatchewan.ca/api/v1/products/98865/formats/135806/download,2026-06-26
DIV-022,Regina School Division No. 4,Public school division,Regina,Regina public schools,Approximately 57,9,"Approximately 25,000",https://www.reginapublicschools.ca/,No dedicated staff-directory URL was separately verified; use the official website: https://www.reginapublicschools.ca/,https://www.reginapublicschools.ca/board,https://sasktenders.ca/,No division-specific public vendor-registration page was located; contact finance/procurement and monitor SaskTenders.,"https://www.reginapublicschools.ca/ — policy/manual search required for fundraising, sponsorship, facility use and logo permission.",General email not publicly verified in the provincial directory; use official contact form or main phone.,306-523-3000,Mark Haarmann,Chief financial/business or facilities office; exact current operational contact is listed in CONTACTS or RESEARCH GAPS.,Finance/business services or purchasing department; no personal procurement email is inferred.,Division communications office or general administration; exact route requires official-site confirmation.,Adam Hicks,"Individual school approval likely, with division finance/operations review for contracts, logo use, revenue sharing or a division-wide arrangement; outside venue approval may also be required.","Division-wide relationship could create recurring access to several graduations, but principals and graduation committees remain the strongest school-level starting point.",https://www.reginapublicschools.ca/; https://www.reginapublicschools.ca/board; https://www.saskatchewan.ca/residents/education-and-learning/prek-12-education-early-learning-and-schools/k-12-school-divisions-in-saskatchewan; https://publications.saskatchewan.ca/api/v1/products/98865/formats/135806/download,2026-06-26
DIV-023,Saskatchewan Rivers School Division No. 119,Public school division,Prince Albert,Prince Albert and north-central Saskatchewan,Approximately 33,Approximately 13,"Approximately 8,500",https://www.srsd119.ca/,No dedicated staff-directory URL was separately verified; use the official website: https://www.srsd119.ca/,Full board-page URL not separately verified in this build; start from https://www.srsd119.ca/,https://sasktenders.ca/,No division-specific public vendor-registration page was located; contact finance/procurement and monitor SaskTenders.,"https://www.srsd119.ca/ — policy/manual search required for fundraising, sponsorship, facility use and logo permission.",General email not publicly verified in the provincial directory; use official contact form or main phone.,306-764-1571,Neil Finch,Chief financial/business or facilities office; exact current operational contact is listed in CONTACTS or RESEARCH GAPS.,Finance/business services or purchasing department; no personal procurement email is inferred.,Division communications office or general administration; exact route requires official-site confirmation.,Cher Bloom,"Individual school approval likely, with division finance/operations review for contracts, logo use, revenue sharing or a division-wide arrangement; outside venue approval may also be required.","Division-wide relationship could create recurring access to several graduations, but principals and graduation committees remain the strongest school-level starting point.",https://www.srsd119.ca/; Full board-page URL not separately verified in this build; start from https://www.srsd119.ca/; https://www.saskatchewan.ca/residents/education-and-learning/prek-12-education-early-learning-and-schools/k-12-school-divisions-in-saskatchewan; https://publications.saskatchewan.ca/api/v1/products/98865/formats/135806/download,2026-06-26
DIV-024,Saskatoon School Division No. 13,Public school division,Saskatoon,Saskatoon and Whitecap Dakota Nation,58,10,"Nearly 29,000",https://www.spsd.sk.ca/,No dedicated staff-directory URL was separately verified; use the official website: https://www.spsd.sk.ca/,https://www.spsd.sk.ca/Board,https://sasktenders.ca/,No division-specific public vendor-registration page was located; contact finance/procurement and monitor SaskTenders.,"https://www.spsd.sk.ca/ — policy/manual search required for fundraising, sponsorship, facility use and logo permission.",General email not publicly verified in the provincial directory; use official contact form or main phone.,306-683-8200,Shane Skjerven,Chief financial/business or facilities office; exact current operational contact is listed in CONTACTS or RESEARCH GAPS.,Finance/business services or purchasing department; no personal procurement email is inferred.,Division communications office or general administration; exact route requires official-site confirmation.,Kim Stranden,"Individual school approval likely, with division finance/operations review for contracts, logo use, revenue sharing or a division-wide arrangement; outside venue approval may also be required.","Division-wide relationship could create recurring access to several graduations, but principals and graduation committees remain the strongest school-level starting point.",https://www.spsd.sk.ca/; https://www.spsd.sk.ca/Board; https://www.saskatchewan.ca/residents/education-and-learning/prek-12-education-early-learning-and-schools/k-12-school-divisions-in-saskatchewan; https://publications.saskatchewan.ca/api/v1/products/98865/formats/135806/download,2026-06-26
DIV-025,South East Cornerstone School Division No. 209,Public school division,Weyburn,Southeast Saskatchewan,Approximately 35,Approximately 15,"Approximately 8,200",https://www.secpsd.ca/,No dedicated staff-directory URL was separately verified; use the official website: https://www.secpsd.ca/,Full board-page URL not separately verified in this build; start from https://www.secpsd.ca/,https://sasktenders.ca/,No division-specific public vendor-registration page was located; contact finance/procurement and monitor SaskTenders.,"https://www.secpsd.ca/ — policy/manual search required for fundraising, sponsorship, facility use and logo permission.",General email not publicly verified in the provincial directory; use official contact form or main phone.,306-848-0080,Keith Keating,Chief financial/business or facilities office; exact current operational contact is listed in CONTACTS or RESEARCH GAPS.,Finance/business services or purchasing department; no personal procurement email is inferred.,Division communications office or general administration; exact route requires official-site confirmation.,Audrey Trombley,"Individual school approval likely, with division finance/operations review for contracts, logo use, revenue sharing or a division-wide arrangement; outside venue approval may also be required.","Division-wide relationship could create recurring access to several graduations, but principals and graduation committees remain the strongest school-level starting point.",https://www.secpsd.ca/; Full board-page URL not separately verified in this build; start from https://www.secpsd.ca/; https://www.saskatchewan.ca/residents/education-and-learning/prek-12-education-early-learning-and-schools/k-12-school-divisions-in-saskatchewan; https://publications.saskatchewan.ca/api/v1/products/98865/formats/135806/download,2026-06-26
DIV-026,St. Paul’s Roman Catholic Separate School Division No. 20 / Greater Saskatoon Catholic Schools,Catholic separate school division,Saskatoon,"Saskatoon, Biggar, Humboldt, Martensville and Warman Catholic communities",Approximately 50,7,"Approximately 23,000",https://www.gscs.ca/,No dedicated staff-directory URL was separately verified; use the official website: https://www.gscs.ca/,https://www.gscs.ca/page/board-of-education,https://sasktenders.ca/,No division-specific public vendor-registration page was located; contact finance/procurement and monitor SaskTenders.,"https://www.gscs.ca/ — policy/manual search required for fundraising, sponsorship, facility use and logo permission.",General email not publicly verified in the provincial directory; use official contact form or main phone.,306-659-7000,François Rivard,Chief financial/business or facilities office; exact current operational contact is listed in CONTACTS or RESEARCH GAPS.,Finance/business services or purchasing department; no personal procurement email is inferred.,Division communications office or general administration; exact route requires official-site confirmation.,Diane Boyko,"Individual school approval likely, with division finance/operations review for contracts, logo use, revenue sharing or a division-wide arrangement; outside venue approval may also be required.","Division-wide relationship could create recurring access to several graduations, but principals and graduation committees remain the strongest school-level starting point.",https://www.gscs.ca/; https://www.gscs.ca/page/board-of-education; https://www.saskatchewan.ca/residents/education-and-learning/prek-12-education-early-learning-and-schools/k-12-school-divisions-in-saskatchewan; https://publications.saskatchewan.ca/api/v1/products/98865/formats/135806/download,2026-06-26
DIV-027,Sun West School Division No. 207,Public school division,Rosetown,West-central Saskatchewan,Approximately 42,Approximately 15,"Approximately 4,800",https://www.sunwestsd.ca/,No dedicated staff-directory URL was separately verified; use the official website: https://www.sunwestsd.ca/,https://www.sunwestsd.ca/board,https://sasktenders.ca/,No division-specific public vendor-registration page was located; contact finance/procurement and monitor SaskTenders.,"https://www.sunwestsd.ca/ — policy/manual search required for fundraising, sponsorship, facility use and logo permission.",General email not publicly verified in the provincial directory; use official contact form or main phone.,306-882-2677,Darryl Seguin,Chief financial/business or facilities office; exact current operational contact is listed in CONTACTS or RESEARCH GAPS.,Finance/business services or purchasing department; no personal procurement email is inferred.,Division communications office or general administration; exact route requires official-site confirmation.,Michele Whitfield,"Individual school approval likely, with division finance/operations review for contracts, logo use, revenue sharing or a division-wide arrangement; outside venue approval may also be required.","Division-wide relationship could create recurring access to several graduations, but principals and graduation committees remain the strongest school-level starting point.",https://www.sunwestsd.ca/; https://www.sunwestsd.ca/board; https://www.saskatchewan.ca/residents/education-and-learning/prek-12-education-early-learning-and-schools/k-12-school-divisions-in-saskatchewan; https://publications.saskatchewan.ca/api/v1/products/98865/formats/135806/download,2026-06-26
DIV-028,Saskatoon Tribal Council Education,Indigenous education authority,Saskatoon,Member First Nations in the Saskatoon region,Not a provincially constituted school division; member-school count requires authority confirmation.,Secondary-school count requires confirmation from the authority.,"Not publicly available after checks of the official organization or school website, staff/contact directory, board or event page, and targeted role search; phone or contact-form routing is required.",https://sktc.sk.ca/,https://sktc.sk.ca/,Not applicable in the same form as a provincial school-division board; leadership/council route applies.,"Not publicly available after checks of the official organization or school website, staff/contact directory, board or event page, and targeted role search; phone or contact-form routing is required.","Not publicly available after checks of the official organization or school website, staff/contact directory, board or event page, and targeted role search; phone or contact-form routing is required.","Community, cultural, branding, procurement and event protocols must be confirmed directly with the authority and host First Nation.","Not publicly available after checks of the official organization or school website, staff/contact directory, board or event page, and targeted role search; phone or contact-form routing is required.","Not publicly available after checks of the official organization or school website, staff/contact directory, board or event page, and targeted role search; phone or contact-form routing is required.","Not publicly identified after official school, division, staff-directory and graduation-page checks.",Education department administration,Finance/procurement administration,Education or communications department,Governance structure differs; chief/council or authority board referral may apply.,Education-authority and local school/community approval likely; venue and cultural protocol approval may also be required.,Potential culturally significant graduation partnerships require respectful co-design and direct community permission.,https://sktc.sk.ca/; Not applicable in the same form as a provincial school-division board; leadership/council route applies.; https://www.saskatchewan.ca/residents/education-and-learning/prek-12-education-early-learning-and-schools/k-12-school-divisions-in-saskatchewan; https://publications.saskatchewan.ca/api/v1/products/98865/formats/135806/download,2026-06-26
DIV-029,Prince Albert Grand Council Education,Indigenous education authority,Prince Albert,PAGC member First Nations and northern communities,Not a provincially constituted school division; member-school count requires authority confirmation.,Secondary-school count requires confirmation from the authority.,"Not publicly available after checks of the official organization or school website, staff/contact directory, board or event page, and targeted role search; phone or contact-form routing is required.",https://pagc.sk.ca/,https://pagc.sk.ca/,Not applicable in the same form as a provincial school-division board; leadership/council route applies.,"Not publicly available after checks of the official organization or school website, staff/contact directory, board or event page, and targeted role search; phone or contact-form routing is required.","Not publicly available after checks of the official organization or school website, staff/contact directory, board or event page, and targeted role search; phone or contact-form routing is required.","Community, cultural, branding, procurement and event protocols must be confirmed directly with the authority and host First Nation.","Not publicly available after checks of the official organization or school website, staff/contact directory, board or event page, and targeted role search; phone or contact-form routing is required.","Not publicly available after checks of the official organization or school website, staff/contact directory, board or event page, and targeted role search; phone or contact-form routing is required.","Not publicly identified after official school, division, staff-directory and graduation-page checks.",Education department administration,Finance/procurement administration,Education or communications department,Governance structure differs; chief/council or authority board referral may apply.,Education-authority and local school/community approval likely; venue and cultural protocol approval may also be required.,Potential culturally significant graduation partnerships require respectful co-design and direct community permission.,https://pagc.sk.ca/; Not applicable in the same form as a provincial school-division board; leadership/council route applies.; https://www.saskatchewan.ca/residents/education-and-learning/prek-12-education-early-learning-and-schools/k-12-school-divisions-in-saskatchewan; https://publications.saskatchewan.ca/api/v1/products/98865/formats/135806/download,2026-06-26
DIV-030,Meadow Lake Tribal Council Education,Indigenous education authority,Meadow Lake,MLTC member First Nations in northwest Saskatchewan,Not a provincially constituted school division; member-school count requires authority confirmation.,Secondary-school count requires confirmation from the authority.,"Not publicly available after checks of the official organization or school website, staff/contact directory, board or event page, and targeted role search; phone or contact-form routing is required.",https://www.mltc.net/,https://www.mltc.net/,Not applicable in the same form as a provincial school-division board; leadership/council route applies.,"Not publicly available after checks of the official organization or school website, staff/contact directory, board or event page, and targeted role search; phone or contact-form routing is required.","Not publicly available after checks of the official organization or school website, staff/contact directory, board or event page, and targeted role search; phone or contact-form routing is required.","Community, cultural, branding, procurement and event protocols must be confirmed directly with the authority and host First Nation.","Not publicly available after checks of the official organization or school website, staff/contact directory, board or event page, and targeted role search; phone or contact-form routing is required.","Not publicly available after checks of the official organization or school website, staff/contact directory, board or event page, and targeted role search; phone or contact-form routing is required.","Not publicly identified after official school, division, staff-directory and graduation-page checks.",Education department administration,Finance/procurement administration,Education or communications department,Governance structure differs; chief/council or authority board referral may apply.,Education-authority and local school/community approval likely; venue and cultural protocol approval may also be required.,Potential culturally significant graduation partnerships require respectful co-design and direct community permission.,https://www.mltc.net/; Not applicable in the same form as a provincial school-division board; leadership/council route applies.; https://www.saskatchewan.ca/residents/education-and-learning/prek-12-education-early-learning-and-schools/k-12-school-divisions-in-saskatchewan; https://publications.saskatchewan.ca/api/v1/products/98865/formats/135806/download,2026-06-26
DIV-031,Lac La Ronge Indian Band Education,First Nation education authority,La Ronge,Lac La Ronge Indian Band communities,Not a provincially constituted school division; member-school count requires authority confirmation.,Secondary-school count requires confirmation from the authority.,"Not publicly available after checks of the official organization or school website, staff/contact directory, board or event page, and targeted role search; phone or contact-form routing is required.",https://llrib.com/,https://llrib.com/,Not applicable in the same form as a provincial school-division board; leadership/council route applies.,"Not publicly available after checks of the official organization or school website, staff/contact directory, board or event page, and targeted role search; phone or contact-form routing is required.","Not publicly available after checks of the official organization or school website, staff/contact directory, board or event page, and targeted role search; phone or contact-form routing is required.","Community, cultural, branding, procurement and event protocols must be confirmed directly with the authority and host First Nation.","Not publicly available after checks of the official organization or school website, staff/contact directory, board or event page, and targeted role search; phone or contact-form routing is required.","Not publicly available after checks of the official organization or school website, staff/contact directory, board or event page, and targeted role search; phone or contact-form routing is required.","Not publicly identified after official school, division, staff-directory and graduation-page checks.",Education department administration,Finance/procurement administration,Education or communications department,Governance structure differs; chief/council or authority board referral may apply.,Education-authority and local school/community approval likely; venue and cultural protocol approval may also be required.,Potential culturally significant graduation partnerships require respectful co-design and direct community permission.,https://llrib.com/; Not applicable in the same form as a provincial school-division board; leadership/council route applies.; https://www.saskatchewan.ca/residents/education-and-learning/prek-12-education-early-learning-and-schools/k-12-school-divisions-in-saskatchewan; https://publications.saskatchewan.ca/api/v1/products/98865/formats/135806/download,2026-06-26
DIV-032,Treaty 4 Education Alliance,Indigenous education alliance,Fort Qu’Appelle,Treaty 4 partner First Nations,Not a provincially constituted school division; member-school count requires authority confirmation.,Secondary-school count requires confirmation from the authority.,"Not publicly available after checks of the official organization or school website, staff/contact directory, board or event page, and targeted role search; phone or contact-form routing is required.",https://t4ea.com/,https://t4ea.com/,Not applicable in the same form as a provincial school-division board; leadership/council route applies.,"Not publicly available after checks of the official organization or school website, staff/contact directory, board or event page, and targeted role search; phone or contact-form routing is required.","Not publicly available after checks of the official organization or school website, staff/contact directory, board or event page, and targeted role search; phone or contact-form routing is required.","Community, cultural, branding, procurement and event protocols must be confirmed directly with the authority and host First Nation.","Not publicly available after checks of the official organization or school website, staff/contact directory, board or event page, and targeted role search; phone or contact-form routing is required.","Not publicly available after checks of the official organization or school website, staff/contact directory, board or event page, and targeted role search; phone or contact-form routing is required.","Not publicly identified after official school, division, staff-directory and graduation-page checks.",Education department administration,Finance/procurement administration,Education or communications department,Governance structure differs; chief/council or authority board referral may apply.,Education-authority and local school/community approval likely; venue and cultural protocol approval may also be required.,Potential culturally significant graduation partnerships require respectful co-design and direct community permission.,https://t4ea.com/; Not applicable in the same form as a provincial school-division board; leadership/council route applies.; https://www.saskatchewan.ca/residents/education-and-learning/prek-12-education-early-learning-and-schools/k-12-school-divisions-in-saskatchewan; https://publications.saskatchewan.ca/api/v1/products/98865/formats/135806/download,2026-06-26
DIV-033,File Hills Qu’Appelle Tribal Council Education,Indigenous education authority,Fort Qu’Appelle,FHQTC member First Nations,Not a provincially constituted school division; member-school count requires authority confirmation.,Secondary-school count requires confirmation from the authority.,"Not publicly available after checks of the official organization or school website, staff/contact directory, board or event page, and targeted role search; phone or contact-form routing is required.",https://fhqtc.com/,https://fhqtc.com/,Not applicable in the same form as a provincial school-division board; leadership/council route applies.,"Not publicly available after checks of the official organization or school website, staff/contact directory, board or event page, and targeted role search; phone or contact-form routing is required.","Not publicly available after checks of the official organization or school website, staff/contact directory, board or event page, and targeted role search; phone or contact-form routing is required.","Community, cultural, branding, procurement and event protocols must be confirmed directly with the authority and host First Nation.","Not publicly available after checks of the official organization or school website, staff/contact directory, board or event page, and targeted role search; phone or contact-form routing is required.","Not publicly available after checks of the official organization or school website, staff/contact directory, board or event page, and targeted role search; phone or contact-form routing is required.","Not publicly identified after official school, division, staff-directory and graduation-page checks.",Education department administration,Finance/procurement administration,Education or communications department,Governance structure differs; chief/council or authority board referral may apply.,Education-authority and local school/community approval likely; venue and cultural protocol approval may also be required.,Potential culturally significant graduation partnerships require respectful co-design and direct community permission.,https://fhqtc.com/; Not applicable in the same form as a provincial school-division board; leadership/council route applies.; https://www.saskatchewan.ca/residents/education-and-learning/prek-12-education-early-learning-and-schools/k-12-school-divisions-in-saskatchewan; https://publications.saskatchewan.ca/api/v1/products/98865/formats/135806/download,2026-06-26
